Tourist_ID,Name,Country,Age,Gender,Destination,Check_in_Date,Check_out_Date
1,Tourist_1,France,39,Male,Delhi,2025-01-01,2025-01-02
2,Tourist_2,Germany,38,Male,Paris,2025-01-02,2025-01-03
3,Tourist_3,UK,23,Male,Tokyo,2025-01-03,2025-01-04
4,Tourist_4,Germany,23,Female,Delhi,2025-01-04,2025-01-05
5,Tourist_5,Germany,65,Other,New York,2025-01-05,2025-01-06
6,Tourist_6,USA,21,Female,Tokyo,2025-01-06,2025-01-07
7,Tourist_7,UK,47,Female,New York,2025-01-07,2025-01-08
8,Tourist_8,UK,28,Male,New York,2025-01-08,2025-01-09
9,Tourist_9,UK,47,Female,Delhi,2025-01-09,2025-01-10
10,Tourist_10,Germany,48,Female,Tokyo,2025-01-10,2025-01-11
11,Tourist_11,France,41,Male,Munich,2025-01-11,2025-01-12
12,Tourist_12,UK,26,Female,Goa,2025-01-12,2025-01-13
13,Tourist_13,Japan,20,Male,Delhi,2025-01-13,2025-01-14
14,Tourist_14,Germany,68,Male,Delhi,2025-01-14,2025-01-15
15,Tourist_15,USA,48,Male,Munich,2025-01-15,2025-01-16
16,Tourist_16,France,57,Male,Tokyo,2025-01-16,2025-01-17
17,Tourist_17,Japan,54,Female,Tokyo,2025-01-17,2025-01-18
18,Tourist_18,Japan,53,Male,New York,2025-01-18,2025-01-19
19,Tourist_19,USA,41,Male,Munich,2025-01-19,2025-01-20
20,Tourist_20,France,48,Female,Munich,2025-01-20,2025-01-21
21,Tourist_21,Germany,23,Female,Tokyo,2025-01-21,2025-01-22
22,Tourist_22,India,19,Other,New York,2025-01-22,2025-01-23
23,Tourist_23,France,37,Female,Delhi,2025-01-23,2025-01-24
24,Tourist_24,USA,45,Female,Paris,2025-01-24,2025-01-25
25,Tourist_25,Japan,28,Other,Goa,2025-01-25,2025-01-26
26,Tourist_26,Germany,21,Female,Delhi,2025-01-26,2025-01-27
27,Tourist_27,France,32,Female,Tokyo,2025-01-27,2025-01-28
28,Tourist_28,India,23,Female,Goa,2025-01-28,2025-01-29
29,Tourist_29,India,66,Female,Paris,2025-01-29,2025-01-30
30,Tourist_30,UK,47,Other,Paris,2025-01-30,2025-01-31
31,Tourist_31,UK,55,Female,New York,2025-01-31,2025-02-01
32,Tourist_32,USA,68,Female,Goa,2025-02-01,2025-02-02
33,Tourist_33,France,19,Other,New York,2025-02-02,2025-02-03
34,Tourist_34,France,32,Male,Delhi,2025-02-03,2025-02-04
35,Tourist_35,Japan,28,Other,Munich,2025-02-04,2025-02-05
36,Tourist_36,Japan,25,Male,Munich,2025-02-05,2025-02-06
37,Tourist_37,Japan,43,Other,Munich,2025-02-06,2025-02-07
38,Tourist_38,UK,68,Other,Goa,2025-02-07,2025-02-08
39,Tourist_39,France,62,Female,Munich,2025-02-08,2025-02-09
40,Tourist_40,France,61,Male,Delhi,2025-02-09,2025-02-10
41,Tourist_41,India,22,Female,New York,2025-02-10,2025-02-11
42,Tourist_42,UK,23,Male,Goa,2025-02-11,2025-02-12
43,Tourist_43,Germany,43,Other,New York,2025-02-12,2025-02-13
44,Tourist_44,UK,21,Other,Goa,2025-02-13,2025-02-14
45,Tourist_45,Germany,36,Male,New York,2025-02-14,2025-02-15
46,Tourist_46,India,37,Female,Paris,2025-02-15,2025-02-16
47,Tourist_47,USA,50,Female,New York,2025-02-16,2025-02-17
48,Tourist_48,France,37,Female,Munich,2025-02-17,2025-02-18
49,Tourist_49,India,66,Female,Paris,2025-02-18,2025-02-19
50,Tourist_50,France,29,Other,New York,2025-02-19,2025-02-20
51,Tourist_51,Japan,64,Other,Goa,2025-02-20,2025-02-21
52,Tourist_52,USA,18,Other,Goa,2025-02-21,2025-02-22
53,Tourist_53,USA,43,Other,Goa,2025-02-22,2025-02-23
54,Tourist_54,India,31,Other,Tokyo,2025-02-23,2025-02-24
55,Tourist_55,USA,55,Female,Delhi,2025-02-24,2025-02-25
56,Tourist_56,Germany,54,Female,Goa,2025-02-25,2025-02-26
57,Tourist_57,USA,28,Female,Paris,2025-02-26,2025-02-27
58,Tourist_58,France,53,Female,Goa,2025-02-27,2025-02-28
59,Tourist_59,France,30,Other,Tokyo,2025-02-28,2025-03-01
60,Tourist_60,France,60,Other,Munich,2025-03-01,2025-03-02
61,Tourist_61,France,20,Other,Paris,2025-03-02,2025-03-03
62,Tourist_62,Germany,50,Male,Tokyo,2025-03-03,2025-03-04
63,Tourist_63,UK,23,Female,Munich,2025-03-04,2025-03-05
64,Tourist_64,Japan,67,Female,Paris,2025-03-05,2025-03-06
65,Tourist_65,India,27,Other,New York,2025-03-06,2025-03-07
66,Tourist_66,France,22,Female,Delhi,2025-03-07,2025-03-08
67,Tourist_67,USA,40,Female,Delhi,2025-03-08,2025-03-09
68,Tourist_68,France,27,Other,Tokyo,2025-03-09,2025-03-10
69,Tourist_69,USA,61,Male,Munich,2025-03-10,2025-03-11
70,Tourist_70,Japan,19,Male,Delhi,2025-03-11,2025-03-12
71,Tourist_71,Japan,30,Male,Munich,2025-03-12,2025-03-13
72,Tourist_72,Japan,57,Other,Munich,2025-03-13,2025-03-14
73,Tourist_73,USA,19,Female,Tokyo,2025-03-14,2025-03-15
74,Tourist_74,France,37,Other,Tokyo,2025-03-15,2025-03-16
75,Tourist_75,Japan,18,Other,Tokyo,2025-03-16,2025-03-17
76,Tourist_76,Germany,54,Female,Delhi,2025-03-17,2025-03-18
77,Tourist_77,USA,26,Male,Tokyo,2025-03-18,2025-03-19
78,Tourist_78,USA,34,Male,Delhi,2025-03-19,2025-03-20
79,Tourist_79,France,26,Other,Tokyo,2025-03-20,2025-03-21
80,Tourist_80,USA,28,Male,Goa,2025-03-21,2025-03-22
81,Tourist_81,USA,32,Other,Munich,2025-03-22,2025-03-23
82,Tourist_82,Japan,41,Other,Tokyo,2025-03-23,2025-03-24
83,Tourist_83,France,55,Female,Paris,2025-03-24,2025-03-25
84,Tourist_84,Japan,52,Female,Munich,2025-03-25,2025-03-26
85,Tourist_85,Japan,47,Female,Munich,2025-03-26,2025-03-27
86,Tourist_86,France,48,Other,Tokyo,2025-03-27,2025-03-28
87,Tourist_87,India,66,Female,New York,2025-03-28,2025-03-29
88,Tourist_88,Japan,22,Male,Tokyo,2025-03-29,2025-03-30
89,Tourist_89,Germany,61,Male,Munich,2025-03-30,2025-03-31
90,Tourist_90,Germany,67,Other,Paris,2025-03-31,2025-04-01
91,Tourist_91,USA,31,Other,Munich,2025-04-01,2025-04-02
92,Tourist_92,Germany,28,Female,Paris,2025-04-02,2025-04-03
93,Tourist_93,USA,26,Other,Delhi,2025-04-03,2025-04-04
94,Tourist_94,India,51,Other,Goa,2025-04-04,2025-04-05
95,Tourist_95,France,29,Male,Munich,2025-04-05,2025-04-06
96,Tourist_96,France,52,Male,Tokyo,2025-04-06,2025-04-07
97,Tourist_97,France,52,Female,Delhi,2025-04-07,2025-04-08
98,Tourist_98,Germany,18,Other,Goa,2025-04-08,2025-04-09
99,Tourist_99,India,57,Other,Tokyo,2025-04-09,2025-04-10
100,Tourist_100,Germany,39,Male,New York,2025-04-10,2025-04-11
101,Tourist_101,Germany,46,Other,Tokyo,2025-04-11,2025-04-12
102,Tourist_102,India,25,Male,Paris,2025-04-12,2025-04-13
103,Tourist_103,India,28,Female,Paris,2025-04-13,2025-04-14
104,Tourist_104,India,58,Male,New York,2025-04-14,2025-04-15
105,Tourist_105,India,54,Other,Delhi,2025-04-15,2025-04-16
106,Tourist_106,France,31,Female,Goa,2025-04-16,2025-04-17
107,Tourist_107,UK,47,Male,Tokyo,2025-04-17,2025-04-18
108,Tourist_108,UK,52,Male,Paris,2025-04-18,2025-04-19
109,Tourist_109,India,38,Female,Delhi,2025-04-19,2025-04-20
110,Tourist_110,UK,54,Female,New York,2025-04-20,2025-04-21
111,Tourist_111,UK,22,Male,Munich,2025-04-21,2025-04-22
112,Tourist_112,India,36,Other,Paris,2025-04-22,2025-04-23
113,Tourist_113,UK,31,Male,New York,2025-04-23,2025-04-24
114,Tourist_114,Germany,43,Female,Tokyo,2025-04-24,2025-04-25
115,Tourist_115,USA,21,Male,Goa,2025-04-25,2025-04-26
116,Tourist_116,USA,42,Female,Paris,2025-04-26,2025-04-27
117,Tourist_117,India,62,Female,Paris,2025-04-27,2025-04-28
118,Tourist_118,France,59,Other,Tokyo,2025-04-28,2025-04-29
119,Tourist_119,India,42,Female,Munich,2025-04-29,2025-04-30
120,Tourist_120,France,35,Female,Delhi,2025-04-30,2025-05-01
121,Tourist_121,USA,57,Other,Goa,2025-05-01,2025-05-02
122,Tourist_122,India,25,Female,Paris,2025-05-02,2025-05-03
123,Tourist_123,Japan,56,Other,Goa,2025-05-03,2025-05-04
124,Tourist_124,Germany,57,Other,Paris,2025-05-04,2025-05-05
125,Tourist_125,UK,31,Female,Goa,2025-05-05,2025-05-06
126,Tourist_126,France,49,Female,New York,2025-05-06,2025-05-07
127,Tourist_127,Japan,68,Male,Paris,2025-05-07,2025-05-08
128,Tourist_128,UK,55,Other,Goa,2025-05-08,2025-05-09
129,Tourist_129,UK,50,Male,Delhi,2025-05-09,2025-05-10
130,Tourist_130,India,40,Female,New York,2025-05-10,2025-05-11
131,Tourist_131,UK,32,Male,New York,2025-05-11,2025-05-12
132,Tourist_132,Germany,50,Other,Delhi,2025-05-12,2025-05-13
133,Tourist_133,Japan,42,Male,Goa,2025-05-13,2025-05-14
134,Tourist_134,UK,34,Other,Tokyo,2025-05-14,2025-05-15
135,Tourist_135,India,50,Female,Delhi,2025-05-15,2025-05-16
136,Tourist_136,Germany,64,Female,Goa,2025-05-16,2025-05-17
137,Tourist_137,USA,19,Other,Delhi,2025-05-17,2025-05-18
138,Tourist_138,Japan,31,Female,Delhi,2025-05-18,2025-05-19
139,Tourist_139,UK,57,Female,Paris,2025-05-19,2025-05-20
140,Tourist_140,India,57,Female,Goa,2025-05-20,2025-05-21
141,Tourist_141,USA,68,Female,Tokyo,2025-05-21,2025-05-22
142,Tourist_142,USA,56,Other,Paris,2025-05-22,2025-05-23
143,Tourist_143,France,68,Male,Delhi,2025-05-23,2025-05-24
144,Tourist_144,Germany,23,Male,Munich,2025-05-24,2025-05-25
145,Tourist_145,UK,23,Female,Delhi,2025-05-25,2025-05-26
146,Tourist_146,India,20,Male,Delhi,2025-05-26,2025-05-27
147,Tourist_147,France,24,Male,Goa,2025-05-27,2025-05-28
148,Tourist_148,Germany,68,Female,Goa,2025-05-28,2025-05-29
149,Tourist_149,France,25,Female,Paris,2025-05-29,2025-05-30
150,Tourist_150,Japan,59,Male,Tokyo,2025-05-30,2025-05-31
151,Tourist_151,Germany,69,Other,Paris,2025-05-31,2025-06-01
152,Tourist_152,Germany,32,Female,New York,2025-06-01,2025-06-02
153,Tourist_153,UK,64,Other,Delhi,2025-06-02,2025-06-03
154,Tourist_154,Germany,46,Male,Munich,2025-06-03,2025-06-04
155,Tourist_155,France,50,Female,Delhi,2025-06-04,2025-06-05
156,Tourist_156,Germany,69,Other,Delhi,2025-06-05,2025-06-06
157,Tourist_157,UK,47,Female,Paris,2025-06-06,2025-06-07
158,Tourist_158,UK,56,Male,Munich,2025-06-07,2025-06-08
159,Tourist_159,Japan,44,Other,Munich,2025-06-08,2025-06-09
160,Tourist_160,France,53,Male,Munich,2025-06-09,2025-06-10
161,Tourist_161,USA,46,Male,Paris,2025-06-10,2025-06-11
162,Tourist_162,USA,55,Female,Delhi,2025-06-11,2025-06-12
163,Tourist_163,Germany,50,Other,Paris,2025-06-12,2025-06-13
164,Tourist_164,Japan,54,Male,Goa,2025-06-13,2025-06-14
165,Tourist_165,India,44,Male,Goa,2025-06-14,2025-06-15
166,Tourist_166,Germany,50,Other,Paris,2025-06-15,2025-06-16
167,Tourist_167,Japan,21,Male,Munich,2025-06-16,2025-06-17
168,Tourist_168,France,39,Male,Delhi,2025-06-17,2025-06-18
169,Tourist_169,France,19,Other,Paris,2025-06-18,2025-06-19
170,Tourist_170,France,27,Other,Paris,2025-06-19,2025-06-20
171,Tourist_171,France,22,Other,Paris,2025-06-20,2025-06-21
172,Tourist_172,France,27,Other,New York,2025-06-21,2025-06-22
173,Tourist_173,Japan,50,Female,Goa,2025-06-22,2025-06-23
174,Tourist_174,Japan,55,Other,Munich,2025-06-23,2025-06-24
175,Tourist_175,UK,30,Female,Tokyo,2025-06-24,2025-06-25
176,Tourist_176,USA,48,Female,Munich,2025-06-25,2025-06-26
177,Tourist_177,France,64,Female,Tokyo,2025-06-26,2025-06-27
178,Tourist_178,India,53,Male,New York,2025-06-27,2025-06-28
179,Tourist_179,Japan,62,Female,Paris,2025-06-28,2025-06-29
180,Tourist_180,India,41,Female,New York,2025-06-29,2025-06-30
181,Tourist_181,India,69,Male,New York,2025-06-30,2025-07-01
182,Tourist_182,India,32,Male,Delhi,2025-07-01,2025-07-02
183,Tourist_183,UK,46,Male,Goa,2025-07-02,2025-07-03
184,Tourist_184,Japan,25,Other,Tokyo,2025-07-03,2025-07-04
185,Tourist_185,India,22,Male,Paris,2025-07-04,2025-07-05
186,Tourist_186,France,46,Male,Tokyo,2025-07-05,2025-07-06
187,Tourist_187,Germany,64,Female,Munich,2025-07-06,2025-07-07
188,Tourist_188,India,21,Male,Tokyo,2025-07-07,2025-07-08
189,Tourist_189,UK,29,Other,Munich,2025-07-08,2025-07-09
190,Tourist_190,Japan,62,Male,Goa,2025-07-09,2025-07-10
191,Tourist_191,UK,19,Other,Munich,2025-07-10,2025-07-11
192,Tourist_192,India,44,Male,Tokyo,2025-07-11,2025-07-12
193,Tourist_193,Japan,48,Male,Tokyo,2025-07-12,2025-07-13
194,Tourist_194,Germany,68,Male,Munich,2025-07-13,2025-07-14
195,Tourist_195,India,68,Male,New York,2025-07-14,2025-07-15
196,Tourist_196,UK,53,Other,Goa,2025-07-15,2025-07-16
197,Tourist_197,USA,53,Other,Delhi,2025-07-16,2025-07-17
198,Tourist_198,France,43,Female,Paris,2025-07-17,2025-07-18
199,Tourist_199,UK,60,Other,Tokyo,2025-07-18,2025-07-19
200,Tourist_200,Japan,44,Male,Paris,2025-07-19,2025-07-20
201,Tourist_201,India,22,Female,Delhi,2025-07-20,2025-07-21
202,Tourist_202,France,37,Female,Paris,2025-07-21,2025-07-22
203,Tourist_203,India,28,Female,Delhi,2025-07-22,2025-07-23
204,Tourist_204,Japan,27,Male,Munich,2025-07-23,2025-07-24
205,Tourist_205,India,57,Other,New York,2025-07-24,2025-07-25
206,Tourist_206,USA,55,Male,Tokyo,2025-07-25,2025-07-26
207,Tourist_207,France,23,Female,Delhi,2025-07-26,2025-07-27
208,Tourist_208,France,25,Male,Paris,2025-07-27,2025-07-28
209,Tourist_209,Japan,40,Male,Tokyo,2025-07-28,2025-07-29
210,Tourist_210,USA,64,Other,New York,2025-07-29,2025-07-30
211,Tourist_211,UK,43,Other,Munich,2025-07-30,2025-07-31
212,Tourist_212,India,63,Female,Tokyo,2025-07-31,2025-08-01
213,Tourist_213,Germany,60,Male,Delhi,2025-08-01,2025-08-02
214,Tourist_214,India,29,Male,New York,2025-08-02,2025-08-03
215,Tourist_215,India,43,Other,Paris,2025-08-03,2025-08-04
216,Tourist_216,UK,30,Male,New York,2025-08-04,2025-08-05
217,Tourist_217,India,57,Male,New York,2025-08-05,2025-08-06
218,Tourist_218,USA,35,Male,Goa,2025-08-06,2025-08-07
219,Tourist_219,USA,42,Other,New York,2025-08-07,2025-08-08
220,Tourist_220,France,50,Female,New York,2025-08-08,2025-08-09
221,Tourist_221,Japan,64,Female,Tokyo,2025-08-09,2025-08-10
222,Tourist_222,Germany,57,Male,Paris,2025-08-10,2025-08-11
223,Tourist_223,India,60,Female,Tokyo,2025-08-11,2025-08-12
224,Tourist_224,India,29,Other,Tokyo,2025-08-12,2025-08-13
225,Tourist_225,UK,61,Other,Delhi,2025-08-13,2025-08-14
226,Tourist_226,Japan,53,Female,Tokyo,2025-08-14,2025-08-15
227,Tourist_227,USA,65,Female,Goa,2025-08-15,2025-08-16
228,Tourist_228,Germany,21,Male,Goa,2025-08-16,2025-08-17
229,Tourist_229,France,22,Female,Delhi,2025-08-17,2025-08-18
230,Tourist_230,USA,54,Male,Munich,2025-08-18,2025-08-19
231,Tourist_231,Japan,25,Male,Paris,2025-08-19,2025-08-20
232,Tourist_232,France,59,Other,Paris,2025-08-20,2025-08-21
233,Tourist_233,UK,66,Other,Tokyo,2025-08-21,2025-08-22
234,Tourist_234,UK,45,Other,Tokyo,2025-08-22,2025-08-23
235,Tourist_235,India,48,Other,Munich,2025-08-23,2025-08-24
236,Tourist_236,Japan,26,Female,Tokyo,2025-08-24,2025-08-25
237,Tourist_237,Germany,68,Other,Paris,2025-08-25,2025-08-26
238,Tourist_238,France,46,Female,New York,2025-08-26,2025-08-27
239,Tourist_239,USA,31,Other,Goa,2025-08-27,2025-08-28
240,Tourist_240,Japan,57,Female,New York,2025-08-28,2025-08-29
241,Tourist_241,Japan,58,Male,New York,2025-08-29,2025-08-30
242,Tourist_242,UK,39,Female,Paris,2025-08-30,2025-08-31
243,Tourist_243,India,28,Female,New York,2025-08-31,2025-09-01
244,Tourist_244,India,40,Other,Munich,2025-09-01,2025-09-02
245,Tourist_245,France,18,Female,Delhi,2025-09-02,2025-09-03
246,Tourist_246,UK,63,Male,Tokyo,2025-09-03,2025-09-04
247,Tourist_247,Japan,54,Male,Delhi,2025-09-04,2025-09-05
248,Tourist_248,Germany,38,Other,Goa,2025-09-05,2025-09-06
249,Tourist_249,UK,43,Male,Tokyo,2025-09-06,2025-09-07
250,Tourist_250,France,63,Female,New York,2025-09-07,2025-09-08
251,Tourist_251,France,53,Male,Goa,2025-09-08,2025-09-09
252,Tourist_252,UK,40,Other,Tokyo,2025-09-09,2025-09-10
253,Tourist_253,France,18,Female,Munich,2025-09-10,2025-09-11
254,Tourist_254,UK,68,Other,Munich,2025-09-11,2025-09-12
255,Tourist_255,USA,57,Female,Munich,2025-09-12,2025-09-13
256,Tourist_256,UK,32,Male,Munich,2025-09-13,2025-09-14
257,Tourist_257,UK,38,Other,New York,2025-09-14,2025-09-15
258,Tourist_258,France,64,Other,Delhi,2025-09-15,2025-09-16
259,Tourist_259,France,26,Female,Tokyo,2025-09-16,2025-09-17
260,Tourist_260,India,26,Other,New York,2025-09-17,2025-09-18
261,Tourist_261,India,27,Female,Munich,2025-09-18,2025-09-19
262,Tourist_262,USA,69,Female,Delhi,2025-09-19,2025-09-20
263,Tourist_263,India,43,Female,Goa,2025-09-20,2025-09-21
264,Tourist_264,UK,58,Female,Goa,2025-09-21,2025-09-22
265,Tourist_265,France,52,Male,Goa,2025-09-22,2025-09-23
266,Tourist_266,India,69,Female,Munich,2025-09-23,2025-09-24
267,Tourist_267,India,42,Other,Goa,2025-09-24,2025-09-25
268,Tourist_268,USA,43,Male,Paris,2025-09-25,2025-09-26
269,Tourist_269,Japan,28,Other,Tokyo,2025-09-26,2025-09-27
270,Tourist_270,USA,55,Male,Tokyo,2025-09-27,2025-09-28
271,Tourist_271,UK,19,Female,Munich,2025-09-28,2025-09-29
272,Tourist_272,France,24,Male,Paris,2025-09-29,2025-09-30
273,Tourist_273,USA,35,Male,New York,2025-09-30,2025-10-01
274,Tourist_274,India,44,Other,New York,2025-10-01,2025-10-02
275,Tourist_275,France,51,Other,Goa,2025-10-02,2025-10-03
276,Tourist_276,France,44,Female,Delhi,2025-10-03,2025-10-04
277,Tourist_277,India,34,Male,New York,2025-10-04,2025-10-05
278,Tourist_278,USA,60,Male,Delhi,2025-10-05,2025-10-06
279,Tourist_279,India,61,Male,Tokyo,2025-10-06,2025-10-07
280,Tourist_280,Japan,68,Female,Delhi,2025-10-07,2025-10-08
281,Tourist_281,France,41,Female,Tokyo,2025-10-08,2025-10-09
282,Tourist_282,Germany,42,Female,Paris,2025-10-09,2025-10-10
283,Tourist_283,Germany,24,Female,Paris,2025-10-10,2025-10-11
284,Tourist_284,UK,69,Female,Munich,2025-10-11,2025-10-12
285,Tourist_285,India,23,Other,Munich,2025-10-12,2025-10-13
286,Tourist_286,India,41,Male,Goa,2025-10-13,2025-10-14
287,Tourist_287,UK,50,Male,New York,2025-10-14,2025-10-15
288,Tourist_288,UK,66,Male,Goa,2025-10-15,2025-10-16
289,Tourist_289,UK,46,Male,Tokyo,2025-10-16,2025-10-17
290,Tourist_290,France,60,Male,Goa,2025-10-17,2025-10-18
291,Tourist_291,Japan,39,Male,Delhi,2025-10-18,2025-10-19
292,Tourist_292,India,43,Male,Tokyo,2025-10-19,2025-10-20
293,Tourist_293,France,45,Male,Munich,2025-10-20,2025-10-21
294,Tourist_294,UK,67,Other,Paris,2025-10-21,2025-10-22
295,Tourist_295,India,38,Male,Munich,2025-10-22,2025-10-23
296,Tourist_296,France,66,Other,New York,2025-10-23,2025-10-24
297,Tourist_297,Japan,24,Female,Tokyo,2025-10-24,2025-10-25
298,Tourist_298,France,34,Male,Tokyo,2025-10-25,2025-10-26
299,Tourist_299,Japan,37,Female,Delhi,2025-10-26,2025-10-27
300,Tourist_300,UK,58,Female,New York,2025-10-27,2025-10-28
301,Tourist_301,Japan,66,Female,Paris,2025-10-28,2025-10-29
302,Tourist_302,India,37,Other,Tokyo,2025-10-29,2025-10-30
303,Tourist_303,UK,39,Female,Tokyo,2025-10-30,2025-10-31
304,Tourist_304,India,45,Female,Delhi,2025-10-31,2025-11-01
305,Tourist_305,Germany,57,Female,Goa,2025-11-01,2025-11-02
306,Tourist_306,USA,66,Male,Paris,2025-11-02,2025-11-03
307,Tourist_307,Japan,24,Male,Munich,2025-11-03,2025-11-04
308,Tourist_308,USA,18,Other,New York,2025-11-04,2025-11-05
309,Tourist_309,USA,49,Other,Tokyo,2025-11-05,2025-11-06
310,Tourist_310,Japan,30,Male,Tokyo,2025-11-06,2025-11-07
311,Tourist_311,UK,47,Other,Munich,2025-11-07,2025-11-08
312,Tourist_312,Germany,40,Male,Paris,2025-11-08,2025-11-09
313,Tourist_313,India,68,Female,Goa,2025-11-09,2025-11-10
314,Tourist_314,France,36,Female,Tokyo,2025-11-10,2025-11-11
315,Tourist_315,India,49,Other,Paris,2025-11-11,2025-11-12
316,Tourist_316,France,47,Male,Munich,2025-11-12,2025-11-13
317,Tourist_317,India,46,Male,Delhi,2025-11-13,2025-11-14
318,Tourist_318,Japan,66,Other,Goa,2025-11-14,2025-11-15
319,Tourist_319,Germany,62,Male,New York,2025-11-15,2025-11-16
320,Tourist_320,France,46,Female,Tokyo,2025-11-16,2025-11-17
321,Tourist_321,UK,47,Other,Paris,2025-11-17,2025-11-18
322,Tourist_322,India,33,Other,Delhi,2025-11-18,2025-11-19
323,Tourist_323,India,57,Male,New York,2025-11-19,2025-11-20
324,Tourist_324,France,36,Other,Paris,2025-11-20,2025-11-21
325,Tourist_325,UK,35,Male,Paris,2025-11-21,2025-11-22
326,Tourist_326,UK,18,Male,New York,2025-11-22,2025-11-23
327,Tourist_327,Japan,31,Male,Delhi,2025-11-23,2025-11-24
328,Tourist_328,Japan,68,Male,Munich,2025-11-24,2025-11-25
329,Tourist_329,Japan,64,Male,Delhi,2025-11-25,2025-11-26
330,Tourist_330,Japan,67,Other,Goa,2025-11-26,2025-11-27
331,Tourist_331,Japan,19,Female,Tokyo,2025-11-27,2025-11-28
332,Tourist_332,Japan,45,Female,New York,2025-11-28,2025-11-29
333,Tourist_333,Germany,66,Other,Munich,2025-11-29,2025-11-30
334,Tourist_334,UK,67,Other,New York,2025-11-30,2025-12-01
335,Tourist_335,Japan,47,Female,New York,2025-12-01,2025-12-02
336,Tourist_336,UK,55,Female,Delhi,2025-12-02,2025-12-03
337,Tourist_337,UK,68,Female,Tokyo,2025-12-03,2025-12-04
338,Tourist_338,USA,21,Female,Goa,2025-12-04,2025-12-05
339,Tourist_339,Germany,18,Female,Paris,2025-12-05,2025-12-06
340,Tourist_340,Japan,25,Male,Paris,2025-12-06,2025-12-07
341,Tourist_341,India,46,Other,New York,2025-12-07,2025-12-08
342,Tourist_342,France,56,Male,Tokyo,2025-12-08,2025-12-09
343,Tourist_343,India,20,Female,Munich,2025-12-09,2025-12-10
344,Tourist_344,Germany,49,Female,Delhi,2025-12-10,2025-12-11
345,Tourist_345,France,27,Female,Tokyo,2025-12-11,2025-12-12
346,Tourist_346,Germany,27,Male,Tokyo,2025-12-12,2025-12-13
347,Tourist_347,UK,36,Male,Delhi,2025-12-13,2025-12-14
348,Tourist_348,France,63,Female,New York,2025-12-14,2025-12-15
349,Tourist_349,UK,51,Male,Tokyo,2025-12-15,2025-12-16
350,Tourist_350,India,50,Male,Paris,2025-12-16,2025-12-17
351,Tourist_351,India,40,Female,Delhi,2025-12-17,2025-12-18
352,Tourist_352,France,45,Male,Munich,2025-12-18,2025-12-19
353,Tourist_353,France,49,Other,Goa,2025-12-19,2025-12-20
354,Tourist_354,Japan,67,Other,New York,2025-12-20,2025-12-21
355,Tourist_355,Germany,24,Other,Delhi,2025-12-21,2025-12-22
356,Tourist_356,Japan,46,Other,Goa,2025-12-22,2025-12-23
357,Tourist_357,Germany,25,Female,Goa,2025-12-23,2025-12-24
358,Tourist_358,Japan,18,Female,Munich,2025-12-24,2025-12-25
359,Tourist_359,UK,20,Female,Tokyo,2025-12-25,2025-12-26
360,Tourist_360,France,41,Other,Munich,2025-12-26,2025-12-27
361,Tourist_361,India,40,Other,Tokyo,2025-12-27,2025-12-28
362,Tourist_362,Germany,25,Male,Tokyo,2025-12-28,2025-12-29
363,Tourist_363,Germany,64,Male,Delhi,2025-12-29,2025-12-30
364,Tourist_364,India,54,Other,Delhi,2025-12-30,2025-12-31
365,Tourist_365,Japan,20,Other,New York,2025-12-31,2026-01-01
366,Tourist_366,Germany,68,Other,Tokyo,2026-01-01,2026-01-02
367,Tourist_367,UK,50,Other,Goa,2026-01-02,2026-01-03
368,Tourist_368,France,45,Male,Paris,2026-01-03,2026-01-04
369,Tourist_369,India,64,Other,New York,2026-01-04,2026-01-05
370,Tourist_370,France,25,Male,Delhi,2026-01-05,2026-01-06
371,Tourist_371,Germany,51,Other,Munich,2026-01-06,2026-01-07
372,Tourist_372,Germany,52,Other,New York,2026-01-07,2026-01-08
373,Tourist_373,India,49,Other,New York,2026-01-08,2026-01-09
374,Tourist_374,UK,41,Male,New York,2026-01-09,2026-01-10
375,Tourist_375,USA,31,Male,New York,2026-01-10,2026-01-11
376,Tourist_376,India,49,Female,Paris,2026-01-11,2026-01-12
377,Tourist_377,USA,63,Other,Munich,2026-01-12,2026-01-13
378,Tourist_378,Japan,60,Female,Munich,2026-01-13,2026-01-14
379,Tourist_379,USA,33,Female,Munich,2026-01-14,2026-01-15
380,Tourist_380,UK,21,Male,Tokyo,2026-01-15,2026-01-16
381,Tourist_381,Japan,69,Male,Goa,2026-01-16,2026-01-17
382,Tourist_382,USA,54,Female,Munich,2026-01-17,2026-01-18
383,Tourist_383,Japan,38,Other,New York,2026-01-18,2026-01-19
384,Tourist_384,USA,31,Male,New York,2026-01-19,2026-01-20
385,Tourist_385,UK,48,Other,Munich,2026-01-20,2026-01-21
386,Tourist_386,USA,65,Other,Munich,2026-01-21,2026-01-22
387,Tourist_387,USA,35,Female,New York,2026-01-22,2026-01-23
388,Tourist_388,USA,24,Female,Tokyo,2026-01-23,2026-01-24
389,Tourist_389,India,27,Female,Delhi,2026-01-24,2026-01-25
390,Tourist_390,India,24,Female,Delhi,2026-01-25,2026-01-26
391,Tourist_391,India,50,Male,Munich,2026-01-26,2026-01-27
392,Tourist_392,UK,40,Male,Paris,2026-01-27,2026-01-28
393,Tourist_393,Japan,38,Female,Munich,2026-01-28,2026-01-29
394,Tourist_394,Germany,36,Male,Munich,2026-01-29,2026-01-30
395,Tourist_395,USA,65,Female,Delhi,2026-01-30,2026-01-31
396,Tourist_396,USA,36,Other,New York,2026-01-31,2026-02-01
397,Tourist_397,UK,53,Other,Munich,2026-02-01,2026-02-02
398,Tourist_398,USA,46,Other,New York,2026-02-02,2026-02-03
399,Tourist_399,India,35,Female,New York,2026-02-03,2026-02-04
400,Tourist_400,Germany,19,Other,Paris,2026-02-04,2026-02-05
401,Tourist_401,France,18,Male,New York,2026-02-05,2026-02-06
402,Tourist_402,USA,64,Other,Delhi,2026-02-06,2026-02-07
403,Tourist_403,India,22,Other,Tokyo,2026-02-07,2026-02-08
404,Tourist_404,France,37,Other,Tokyo,2026-02-08,2026-02-09
405,Tourist_405,Germany,28,Male,Goa,2026-02-09,2026-02-10
406,Tourist_406,France,59,Female,Munich,2026-02-10,2026-02-11
407,Tourist_407,India,19,Male,Delhi,2026-02-11,2026-02-12
408,Tourist_408,Japan,20,Female,New York,2026-02-12,2026-02-13
409,Tourist_409,Japan,40,Female,Tokyo,2026-02-13,2026-02-14
410,Tourist_410,France,29,Other,Delhi,2026-02-14,2026-02-15
411,Tourist_411,UK,37,Female,Tokyo,2026-02-15,2026-02-16
412,Tourist_412,France,22,Male,New York,2026-02-16,2026-02-17
413,Tourist_413,USA,54,Male,Tokyo,2026-02-17,2026-02-18
414,Tourist_414,USA,55,Female,Munich,2026-02-18,2026-02-19
415,Tourist_415,Japan,47,Other,Munich,2026-02-19,2026-02-20
416,Tourist_416,UK,26,Other,Goa,2026-02-20,2026-02-21
417,Tourist_417,India,51,Male,Goa,2026-02-21,2026-02-22
418,Tourist_418,USA,61,Other,Tokyo,2026-02-22,2026-02-23
419,Tourist_419,Japan,52,Female,Delhi,2026-02-23,2026-02-24
420,Tourist_420,Germany,69,Female,Munich,2026-02-24,2026-02-25
421,Tourist_421,Japan,39,Male,Delhi,2026-02-25,2026-02-26
422,Tourist_422,USA,61,Female,Delhi,2026-02-26,2026-02-27
423,Tourist_423,USA,41,Male,Tokyo,2026-02-27,2026-02-28
424,Tourist_424,Japan,34,Female,Delhi,2026-02-28,2026-03-01
425,Tourist_425,India,27,Male,Munich,2026-03-01,2026-03-02
426,Tourist_426,France,47,Other,New York,2026-03-02,2026-03-03
427,Tourist_427,USA,63,Female,Goa,2026-03-03,2026-03-04
428,Tourist_428,Japan,40,Female,New York,2026-03-04,2026-03-05
429,Tourist_429,Japan,49,Male,Delhi,2026-03-05,2026-03-06
430,Tourist_430,UK,34,Male,New York,2026-03-06,2026-03-07
431,Tourist_431,France,67,Female,Munich,2026-03-07,2026-03-08
432,Tourist_432,Germany,68,Male,Munich,2026-03-08,2026-03-09
433,Tourist_433,India,34,Female,Delhi,2026-03-09,2026-03-10
434,Tourist_434,Germany,31,Other,Tokyo,2026-03-10,2026-03-11
435,Tourist_435,France,26,Male,New York,2026-03-11,2026-03-12
436,Tourist_436,France,57,Female,Tokyo,2026-03-12,2026-03-13
437,Tourist_437,France,19,Other,Tokyo,2026-03-13,2026-03-14
438,Tourist_438,Germany,62,Other,Paris,2026-03-14,2026-03-15
439,Tourist_439,France,42,Female,Delhi,2026-03-15,2026-03-16
440,Tourist_440,Japan,56,Male,Goa,2026-03-16,2026-03-17
441,Tourist_441,Germany,26,Female,Munich,2026-03-17,2026-03-18
442,Tourist_442,France,39,Other,Munich,2026-03-18,2026-03-19
443,Tourist_443,Japan,60,Female,Delhi,2026-03-19,2026-03-20
444,Tourist_444,UK,63,Male,Goa,2026-03-20,2026-03-21
445,Tourist_445,France,21,Other,Munich,2026-03-21,2026-03-22
446,Tourist_446,Germany,43,Female,Delhi,2026-03-22,2026-03-23
447,Tourist_447,USA,46,Male,Munich,2026-03-23,2026-03-24
448,Tourist_448,France,62,Other,Tokyo,2026-03-24,2026-03-25
449,Tourist_449,USA,51,Male,New York,2026-03-25,2026-03-26
450,Tourist_450,Japan,40,Other,New York,2026-03-26,2026-03-27
451,Tourist_451,UK,54,Female,Munich,2026-03-27,2026-03-28
452,Tourist_452,India,28,Male,Paris,2026-03-28,2026-03-29
453,Tourist_453,UK,23,Other,Goa,2026-03-29,2026-03-30
454,Tourist_454,France,35,Male,Goa,2026-03-30,2026-03-31
455,Tourist_455,USA,38,Male,Goa,2026-03-31,2026-04-01
456,Tourist_456,USA,59,Female,Tokyo,2026-04-01,2026-04-02
457,Tourist_457,Germany,53,Male,Goa,2026-04-02,2026-04-03
458,Tourist_458,USA,58,Other,New York,2026-04-03,2026-04-04
459,Tourist_459,Germany,55,Other,Tokyo,2026-04-04,2026-04-05
460,Tourist_460,Japan,51,Other,Delhi,2026-04-05,2026-04-06
461,Tourist_461,India,34,Other,Goa,2026-04-06,2026-04-07
462,Tourist_462,France,54,Female,Goa,2026-04-07,2026-04-08
463,Tourist_463,Germany,42,Male,Delhi,2026-04-08,2026-04-09
464,Tourist_464,India,55,Female,Goa,2026-04-09,2026-04-10
465,Tourist_465,USA,29,Male,Delhi,2026-04-10,2026-04-11
466,Tourist_466,USA,40,Male,Tokyo,2026-04-11,2026-04-12
467,Tourist_467,India,59,Male,New York,2026-04-12,2026-04-13
468,Tourist_468,USA,39,Female,Delhi,2026-04-13,2026-04-14
469,Tourist_469,Japan,38,Male,Paris,2026-04-14,2026-04-15
470,Tourist_470,Japan,44,Female,Delhi,2026-04-15,2026-04-16
471,Tourist_471,India,48,Other,Goa,2026-04-16,2026-04-17
472,Tourist_472,Germany,23,Other,Tokyo,2026-04-17,2026-04-18
473,Tourist_473,Germany,44,Male,Munich,2026-04-18,2026-04-19
474,Tourist_474,India,57,Female,Tokyo,2026-04-19,2026-04-20
475,Tourist_475,Germany,51,Other,Munich,2026-04-20,2026-04-21
476,Tourist_476,Germany,29,Female,Delhi,2026-04-21,2026-04-22
477,Tourist_477,Japan,62,Female,New York,2026-04-22,2026-04-23
478,Tourist_478,Germany,24,Male,Paris,2026-04-23,2026-04-24
479,Tourist_479,UK,27,Other,Tokyo,2026-04-24,2026-04-25
480,Tourist_480,France,62,Male,Goa,2026-04-25,2026-04-26
481,Tourist_481,USA,34,Male,Munich,2026-04-26,2026-04-27
482,Tourist_482,UK,43,Other,Goa,2026-04-27,2026-04-28
483,Tourist_483,Germany,38,Other,New York,2026-04-28,2026-04-29
484,Tourist_484,Japan,45,Female,Munich,2026-04-29,2026-04-30
485,Tourist_485,India,63,Other,Tokyo,2026-04-30,2026-05-01
486,Tourist_486,Germany,19,Female,Delhi,2026-05-01,2026-05-02
487,Tourist_487,Japan,60,Female,Goa,2026-05-02,2026-05-03
488,Tourist_488,France,18,Female,New York,2026-05-03,2026-05-04
489,Tourist_489,Germany,68,Other,Tokyo,2026-05-04,2026-05-05
490,Tourist_490,India,53,Male,Tokyo,2026-05-05,2026-05-06
491,Tourist_491,Japan,68,Female,Tokyo,2026-05-06,2026-05-07
492,Tourist_492,Japan,43,Male,Tokyo,2026-05-07,2026-05-08
493,Tourist_493,Japan,46,Male,Munich,2026-05-08,2026-05-09
494,Tourist_494,France,38,Other,Tokyo,2026-05-09,2026-05-10
495,Tourist_495,Germany,28,Male,Goa,2026-05-10,2026-05-11
496,Tourist_496,France,57,Male,New York,2026-05-11,2026-05-12
497,Tourist_497,USA,28,Other,Munich,2026-05-12,2026-05-13
498,Tourist_498,USA,53,Female,Tokyo,2026-05-13,2026-05-14
499,Tourist_499,Germany,66,Male,Paris,2026-05-14,2026-05-15
500,Tourist_500,France,56,Other,Paris,2026-05-15,2026-05-16
501,Tourist_501,India,57,Male,New York,2026-05-16,2026-05-17
502,Tourist_502,Japan,52,Male,Delhi,2026-05-17,2026-05-18
503,Tourist_503,Japan,51,Female,Delhi,2026-05-18,2026-05-19
504,Tourist_504,Germany,64,Male,Munich,2026-05-19,2026-05-20
505,Tourist_505,USA,41,Other,Munich,2026-05-20,2026-05-21
506,Tourist_506,USA,39,Male,Munich,2026-05-21,2026-05-22
507,Tourist_507,Japan,22,Female,Delhi,2026-05-22,2026-05-23
508,Tourist_508,Germany,50,Female,Paris,2026-05-23,2026-05-24
509,Tourist_509,France,53,Other,Delhi,2026-05-24,2026-05-25
510,Tourist_510,USA,64,Female,Goa,2026-05-25,2026-05-26
511,Tourist_511,France,37,Male,Tokyo,2026-05-26,2026-05-27
512,Tourist_512,USA,36,Female,Munich,2026-05-27,2026-05-28
513,Tourist_513,USA,52,Other,Paris,2026-05-28,2026-05-29
514,Tourist_514,UK,69,Female,New York,2026-05-29,2026-05-30
515,Tourist_515,USA,60,Female,New York,2026-05-30,2026-05-31
516,Tourist_516,India,34,Female,Tokyo,2026-05-31,2026-06-01
517,Tourist_517,Germany,62,Other,Paris,2026-06-01,2026-06-02
518,Tourist_518,Germany,60,Female,Delhi,2026-06-02,2026-06-03
519,Tourist_519,France,51,Female,Delhi,2026-06-03,2026-06-04
520,Tourist_520,USA,26,Male,Goa,2026-06-04,2026-06-05
521,Tourist_521,India,43,Other,Goa,2026-06-05,2026-06-06
522,Tourist_522,France,19,Female,Delhi,2026-06-06,2026-06-07
523,Tourist_523,UK,26,Other,New York,2026-06-07,2026-06-08
524,Tourist_524,France,26,Female,Munich,2026-06-08,2026-06-09
525,Tourist_525,France,57,Female,New York,2026-06-09,2026-06-10
526,Tourist_526,USA,34,Female,Goa,2026-06-10,2026-06-11
527,Tourist_527,UK,18,Male,Tokyo,2026-06-11,2026-06-12
528,Tourist_528,France,42,Male,Delhi,2026-06-12,2026-06-13
529,Tourist_529,India,60,Male,Goa,2026-06-13,2026-06-14
530,Tourist_530,India,57,Other,Goa,2026-06-14,2026-06-15
531,Tourist_531,Germany,59,Other,Munich,2026-06-15,2026-06-16
532,Tourist_532,UK,42,Male,Delhi,2026-06-16,2026-06-17
533,Tourist_533,UK,56,Other,Munich,2026-06-17,2026-06-18
534,Tourist_534,Germany,52,Female,Delhi,2026-06-18,2026-06-19
535,Tourist_535,France,20,Female,Munich,2026-06-19,2026-06-20
536,Tourist_536,UK,67,Female,New York,2026-06-20,2026-06-21
537,Tourist_537,India,54,Male,Tokyo,2026-06-21,2026-06-22
538,Tourist_538,India,61,Other,Tokyo,2026-06-22,2026-06-23
539,Tourist_539,USA,61,Male,Delhi,2026-06-23,2026-06-24
540,Tourist_540,UK,68,Other,Paris,2026-06-24,2026-06-25
541,Tourist_541,France,47,Female,Goa,2026-06-25,2026-06-26
542,Tourist_542,Germany,55,Male,Goa,2026-06-26,2026-06-27
543,Tourist_543,Germany,51,Other,Delhi,2026-06-27,2026-06-28
544,Tourist_544,France,29,Other,Munich,2026-06-28,2026-06-29
545,Tourist_545,Japan,36,Female,Paris,2026-06-29,2026-06-30
546,Tourist_546,USA,54,Male,New York,2026-06-30,2026-07-01
547,Tourist_547,Germany,61,Male,Munich,2026-07-01,2026-07-02
548,Tourist_548,UK,66,Male,Munich,2026-07-02,2026-07-03
549,Tourist_549,USA,34,Female,Delhi,2026-07-03,2026-07-04
550,Tourist_550,UK,27,Male,Delhi,2026-07-04,2026-07-05
551,Tourist_551,India,66,Female,Goa,2026-07-05,2026-07-06
552,Tourist_552,USA,64,Female,Delhi,2026-07-06,2026-07-07
553,Tourist_553,Germany,29,Female,Delhi,2026-07-07,2026-07-08
554,Tourist_554,USA,33,Other,Delhi,2026-07-08,2026-07-09
555,Tourist_555,USA,41,Male,Goa,2026-07-09,2026-07-10
556,Tourist_556,USA,36,Male,New York,2026-07-10,2026-07-11
557,Tourist_557,Japan,25,Female,New York,2026-07-11,2026-07-12
558,Tourist_558,USA,48,Female,Delhi,2026-07-12,2026-07-13
559,Tourist_559,UK,38,Male,Goa,2026-07-13,2026-07-14
560,Tourist_560,India,34,Female,New York,2026-07-14,2026-07-15
561,Tourist_561,France,40,Male,Munich,2026-07-15,2026-07-16
562,Tourist_562,USA,54,Other,New York,2026-07-16,2026-07-17
563,Tourist_563,Germany,33,Female,New York,2026-07-17,2026-07-18
564,Tourist_564,USA,23,Male,Goa,2026-07-18,2026-07-19
565,Tourist_565,Germany,25,Female,Munich,2026-07-19,2026-07-20
566,Tourist_566,UK,42,Male,Goa,2026-07-20,2026-07-21
567,Tourist_567,Germany,35,Male,Delhi,2026-07-21,2026-07-22
568,Tourist_568,France,42,Female,Tokyo,2026-07-22,2026-07-23
569,Tourist_569,India,29,Other,New York,2026-07-23,2026-07-24
570,Tourist_570,Germany,32,Male,Tokyo,2026-07-24,2026-07-25
571,Tourist_571,Germany,43,Male,Goa,2026-07-25,2026-07-26
572,Tourist_572,India,58,Male,Goa,2026-07-26,2026-07-27
573,Tourist_573,France,62,Other,Goa,2026-07-27,2026-07-28
574,Tourist_574,USA,43,Other,Tokyo,2026-07-28,2026-07-29
575,Tourist_575,Germany,64,Female,Goa,2026-07-29,2026-07-30
576,Tourist_576,India,49,Other,Delhi,2026-07-30,2026-07-31
577,Tourist_577,UK,27,Female,Goa,2026-07-31,2026-08-01
578,Tourist_578,India,33,Female,Paris,2026-08-01,2026-08-02
579,Tourist_579,UK,24,Other,Tokyo,2026-08-02,2026-08-03
580,Tourist_580,France,34,Female,Paris,2026-08-03,2026-08-04
581,Tourist_581,USA,40,Other,Goa,2026-08-04,2026-08-05
582,Tourist_582,India,43,Female,Delhi,2026-08-05,2026-08-06
583,Tourist_583,Japan,38,Other,New York,2026-08-06,2026-08-07
584,Tourist_584,Germany,39,Other,Munich,2026-08-07,2026-08-08
585,Tourist_585,France,24,Female,Munich,2026-08-08,2026-08-09
586,Tourist_586,India,31,Male,Goa,2026-08-09,2026-08-10
587,Tourist_587,Germany,32,Female,Delhi,2026-08-10,2026-08-11
588,Tourist_588,India,24,Other,Tokyo,2026-08-11,2026-08-12
589,Tourist_589,UK,26,Male,Paris,2026-08-12,2026-08-13
590,Tourist_590,India,68,Female,Paris,2026-08-13,2026-08-14
591,Tourist_591,Japan,65,Female,Paris,2026-08-14,2026-08-15
592,Tourist_592,India,25,Female,Tokyo,2026-08-15,2026-08-16
593,Tourist_593,India,67,Male,Munich,2026-08-16,2026-08-17
594,Tourist_594,Japan,40,Other,Delhi,2026-08-17,2026-08-18
595,Tourist_595,France,46,Female,Tokyo,2026-08-18,2026-08-19
596,Tourist_596,India,35,Female,Paris,2026-08-19,2026-08-20
597,Tourist_597,Japan,48,Female,Goa,2026-08-20,2026-08-21
598,Tourist_598,Germany,47,Female,New York,2026-08-21,2026-08-22
599,Tourist_599,UK,69,Female,Tokyo,2026-08-22,2026-08-23
600,Tourist_600,UK,56,Other,Tokyo,2026-08-23,2026-08-24
601,Tourist_601,India,52,Other,Delhi,2026-08-24,2026-08-25
602,Tourist_602,France,35,Female,Delhi,2026-08-25,2026-08-26
603,Tourist_603,France,59,Male,Tokyo,2026-08-26,2026-08-27
604,Tourist_604,Germany,56,Other,Paris,2026-08-27,2026-08-28
605,Tourist_605,India,34,Male,New York,2026-08-28,2026-08-29
606,Tourist_606,UK,31,Other,Delhi,2026-08-29,2026-08-30
607,Tourist_607,France,48,Female,Paris,2026-08-30,2026-08-31
608,Tourist_608,India,41,Other,Goa,2026-08-31,2026-09-01
609,Tourist_609,France,52,Female,Delhi,2026-09-01,2026-09-02
610,Tourist_610,Japan,61,Other,Paris,2026-09-02,2026-09-03
611,Tourist_611,France,62,Female,Paris,2026-09-03,2026-09-04
612,Tourist_612,UK,51,Female,New York,2026-09-04,2026-09-05
613,Tourist_613,USA,20,Female,New York,2026-09-05,2026-09-06
614,Tourist_614,Germany,54,Female,Goa,2026-09-06,2026-09-07
615,Tourist_615,Germany,60,Male,Paris,2026-09-07,2026-09-08
616,Tourist_616,UK,57,Female,Munich,2026-09-08,2026-09-09
617,Tourist_617,France,43,Male,Paris,2026-09-09,2026-09-10
618,Tourist_618,India,40,Male,New York,2026-09-10,2026-09-11
619,Tourist_619,France,61,Female,Munich,2026-09-11,2026-09-12
620,Tourist_620,UK,56,Male,Delhi,2026-09-12,2026-09-13
621,Tourist_621,Germany,32,Other,Delhi,2026-09-13,2026-09-14
622,Tourist_622,France,66,Female,Tokyo,2026-09-14,2026-09-15
623,Tourist_623,Germany,21,Male,New York,2026-09-15,2026-09-16
624,Tourist_624,India,46,Female,Tokyo,2026-09-16,2026-09-17
625,Tourist_625,Germany,39,Female,Munich,2026-09-17,2026-09-18
626,Tourist_626,Germany,42,Female,New York,2026-09-18,2026-09-19
627,Tourist_627,USA,30,Male,Goa,2026-09-19,2026-09-20
628,Tourist_628,USA,35,Other,Paris,2026-09-20,2026-09-21
629,Tourist_629,Japan,50,Other,Goa,2026-09-21,2026-09-22
630,Tourist_630,USA,33,Male,Munich,2026-09-22,2026-09-23
631,Tourist_631,Germany,62,Female,New York,2026-09-23,2026-09-24
632,Tourist_632,UK,59,Male,Munich,2026-09-24,2026-09-25
633,Tourist_633,Germany,61,Male,Paris,2026-09-25,2026-09-26
634,Tourist_634,UK,19,Male,Delhi,2026-09-26,2026-09-27
635,Tourist_635,UK,52,Female,Delhi,2026-09-27,2026-09-28
636,Tourist_636,USA,59,Male,Munich,2026-09-28,2026-09-29
637,Tourist_637,France,51,Female,Tokyo,2026-09-29,2026-09-30
638,Tourist_638,India,47,Male,New York,2026-09-30,2026-10-01
639,Tourist_639,USA,30,Other,New York,2026-10-01,2026-10-02
640,Tourist_640,USA,30,Male,Delhi,2026-10-02,2026-10-03
641,Tourist_641,France,35,Male,Goa,2026-10-03,2026-10-04
642,Tourist_642,India,49,Other,Paris,2026-10-04,2026-10-05
643,Tourist_643,Germany,49,Female,Goa,2026-10-05,2026-10-06
644,Tourist_644,Japan,52,Female,Goa,2026-10-06,2026-10-07
645,Tourist_645,Japan,56,Male,Munich,2026-10-07,2026-10-08
646,Tourist_646,Germany,63,Other,Delhi,2026-10-08,2026-10-09
647,Tourist_647,USA,69,Female,Delhi,2026-10-09,2026-10-10
648,Tourist_648,India,46,Male,Delhi,2026-10-10,2026-10-11
649,Tourist_649,USA,66,Other,Munich,2026-10-11,2026-10-12
650,Tourist_650,UK,46,Female,Tokyo,2026-10-12,2026-10-13
651,Tourist_651,USA,61,Female,Goa,2026-10-13,2026-10-14
652,Tourist_652,USA,33,Other,Munich,2026-10-14,2026-10-15
653,Tourist_653,Germany,61,Other,New York,2026-10-15,2026-10-16
654,Tourist_654,Germany,64,Other,Paris,2026-10-16,2026-10-17
655,Tourist_655,Germany,27,Other,Tokyo,2026-10-17,2026-10-18
656,Tourist_656,Japan,47,Male,New York,2026-10-18,2026-10-19
657,Tourist_657,UK,42,Other,Goa,2026-10-19,2026-10-20
658,Tourist_658,Germany,56,Female,Delhi,2026-10-20,2026-10-21
659,Tourist_659,India,37,Female,Goa,2026-10-21,2026-10-22
660,Tourist_660,Japan,22,Male,Munich,2026-10-22,2026-10-23
661,Tourist_661,France,18,Female,Paris,2026-10-23,2026-10-24
662,Tourist_662,India,47,Female,Munich,2026-10-24,2026-10-25
663,Tourist_663,India,66,Other,Tokyo,2026-10-25,2026-10-26
664,Tourist_664,Germany,20,Female,Tokyo,2026-10-26,2026-10-27
665,Tourist_665,France,62,Male,Paris,2026-10-27,2026-10-28
666,Tourist_666,France,31,Other,New York,2026-10-28,2026-10-29
667,Tourist_667,Japan,47,Other,New York,2026-10-29,2026-10-30
668,Tourist_668,France,67,Male,Tokyo,2026-10-30,2026-10-31
669,Tourist_669,UK,21,Other,Tokyo,2026-10-31,2026-11-01
670,Tourist_670,Germany,35,Other,Delhi,2026-11-01,2026-11-02
671,Tourist_671,France,54,Male,New York,2026-11-02,2026-11-03
672,Tourist_672,Japan,42,Other,Paris,2026-11-03,2026-11-04
673,Tourist_673,UK,65,Male,New York,2026-11-04,2026-11-05
674,Tourist_674,USA,18,Male,Delhi,2026-11-05,2026-11-06
675,Tourist_675,USA,63,Female,Munich,2026-11-06,2026-11-07
676,Tourist_676,UK,32,Female,Tokyo,2026-11-07,2026-11-08
677,Tourist_677,Japan,26,Other,Tokyo,2026-11-08,2026-11-09
678,Tourist_678,UK,32,Other,Delhi,2026-11-09,2026-11-10
679,Tourist_679,Germany,66,Male,Paris,2026-11-10,2026-11-11
680,Tourist_680,Germany,41,Other,Tokyo,2026-11-11,2026-11-12
681,Tourist_681,USA,21,Male,Goa,2026-11-12,2026-11-13
682,Tourist_682,France,29,Male,Tokyo,2026-11-13,2026-11-14
683,Tourist_683,Japan,54,Other,Goa,2026-11-14,2026-11-15
684,Tourist_684,USA,54,Male,Delhi,2026-11-15,2026-11-16
685,Tourist_685,France,60,Female,Delhi,2026-11-16,2026-11-17
686,Tourist_686,France,23,Other,Tokyo,2026-11-17,2026-11-18
687,Tourist_687,Germany,56,Female,New York,2026-11-18,2026-11-19
688,Tourist_688,India,63,Other,Goa,2026-11-19,2026-11-20
689,Tourist_689,India,41,Male,Paris,2026-11-20,2026-11-21
690,Tourist_690,UK,28,Other,Tokyo,2026-11-21,2026-11-22
691,Tourist_691,Germany,30,Female,Paris,2026-11-22,2026-11-23
692,Tourist_692,France,51,Male,Tokyo,2026-11-23,2026-11-24
693,Tourist_693,Japan,42,Other,New York,2026-11-24,2026-11-25
694,Tourist_694,India,24,Other,New York,2026-11-25,2026-11-26
695,Tourist_695,France,69,Other,New York,2026-11-26,2026-11-27
696,Tourist_696,India,21,Female,Munich,2026-11-27,2026-11-28
697,Tourist_697,India,25,Female,New York,2026-11-28,2026-11-29
698,Tourist_698,India,37,Other,Delhi,2026-11-29,2026-11-30
699,Tourist_699,Japan,46,Male,Delhi,2026-11-30,2026-12-01
700,Tourist_700,Germany,68,Male,Munich,2026-12-01,2026-12-02
701,Tourist_701,Japan,62,Female,Goa,2026-12-02,2026-12-03
702,Tourist_702,USA,63,Male,Paris,2026-12-03,2026-12-04
703,Tourist_703,France,27,Female,Tokyo,2026-12-04,2026-12-05
704,Tourist_704,Germany,60,Other,Tokyo,2026-12-05,2026-12-06
705,Tourist_705,Germany,51,Female,Munich,2026-12-06,2026-12-07
706,Tourist_706,Germany,43,Female,Delhi,2026-12-07,2026-12-08
707,Tourist_707,Germany,58,Other,Tokyo,2026-12-08,2026-12-09
708,Tourist_708,Japan,66,Male,Delhi,2026-12-09,2026-12-10
709,Tourist_709,Germany,20,Female,Goa,2026-12-10,2026-12-11
710,Tourist_710,UK,23,Female,Paris,2026-12-11,2026-12-12
711,Tourist_711,France,22,Other,Goa,2026-12-12,2026-12-13
712,Tourist_712,Germany,22,Male,Munich,2026-12-13,2026-12-14
713,Tourist_713,France,64,Female,New York,2026-12-14,2026-12-15
714,Tourist_714,UK,40,Other,New York,2026-12-15,2026-12-16
715,Tourist_715,UK,66,Female,New York,2026-12-16,2026-12-17
716,Tourist_716,France,26,Other,Goa,2026-12-17,2026-12-18
717,Tourist_717,India,52,Male,Tokyo,2026-12-18,2026-12-19
718,Tourist_718,USA,37,Male,Paris,2026-12-19,2026-12-20
719,Tourist_719,India,66,Male,New York,2026-12-20,2026-12-21
720,Tourist_720,India,59,Male,Munich,2026-12-21,2026-12-22
721,Tourist_721,Japan,52,Female,Munich,2026-12-22,2026-12-23
722,Tourist_722,India,67,Female,New York,2026-12-23,2026-12-24
723,Tourist_723,Germany,35,Male,New York,2026-12-24,2026-12-25
724,Tourist_724,Japan,34,Male,Paris,2026-12-25,2026-12-26
725,Tourist_725,Japan,41,Male,New York,2026-12-26,2026-12-27
726,Tourist_726,UK,20,Female,Paris,2026-12-27,2026-12-28
727,Tourist_727,India,49,Male,Munich,2026-12-28,2026-12-29
728,Tourist_728,UK,52,Male,New York,2026-12-29,2026-12-30
729,Tourist_729,France,55,Male,Goa,2026-12-30,2026-12-31
730,Tourist_730,USA,30,Other,Goa,2026-12-31,2027-01-01
731,Tourist_731,Japan,64,Male,Munich,2027-01-01,2027-01-02
732,Tourist_732,France,42,Other,Paris,2027-01-02,2027-01-03
733,Tourist_733,France,26,Other,Goa,2027-01-03,2027-01-04
734,Tourist_734,Germany,21,Male,Paris,2027-01-04,2027-01-05
735,Tourist_735,USA,31,Other,Goa,2027-01-05,2027-01-06
736,Tourist_736,France,54,Male,Goa,2027-01-06,2027-01-07
737,Tourist_737,France,51,Female,Paris,2027-01-07,2027-01-08
738,Tourist_738,USA,28,Female,Tokyo,2027-01-08,2027-01-09
739,Tourist_739,USA,58,Female,Goa,2027-01-09,2027-01-10
740,Tourist_740,France,20,Female,New York,2027-01-10,2027-01-11
741,Tourist_741,USA,45,Other,Munich,2027-01-11,2027-01-12
742,Tourist_742,France,46,Male,Tokyo,2027-01-12,2027-01-13
743,Tourist_743,France,26,Male,Paris,2027-01-13,2027-01-14
744,Tourist_744,Germany,20,Male,Tokyo,2027-01-14,2027-01-15
745,Tourist_745,India,42,Female,Delhi,2027-01-15,2027-01-16
746,Tourist_746,France,51,Female,Delhi,2027-01-16,2027-01-17
747,Tourist_747,UK,29,Male,Goa,2027-01-17,2027-01-18
748,Tourist_748,Japan,59,Female,Goa,2027-01-18,2027-01-19
749,Tourist_749,India,26,Male,New York,2027-01-19,2027-01-20
750,Tourist_750,India,32,Male,Munich,2027-01-20,2027-01-21
751,Tourist_751,India,57,Male,Tokyo,2027-01-21,2027-01-22
752,Tourist_752,Germany,42,Male,Delhi,2027-01-22,2027-01-23
753,Tourist_753,France,22,Male,Goa,2027-01-23,2027-01-24
754,Tourist_754,Germany,28,Male,Munich,2027-01-24,2027-01-25
755,Tourist_755,France,51,Male,Tokyo,2027-01-25,2027-01-26
756,Tourist_756,Germany,41,Female,Goa,2027-01-26,2027-01-27
757,Tourist_757,Germany,32,Male,Goa,2027-01-27,2027-01-28
758,Tourist_758,Japan,55,Male,Delhi,2027-01-28,2027-01-29
759,Tourist_759,UK,25,Female,Delhi,2027-01-29,2027-01-30
760,Tourist_760,Germany,22,Female,Goa,2027-01-30,2027-01-31
761,Tourist_761,Japan,65,Female,Paris,2027-01-31,2027-02-01
762,Tourist_762,USA,43,Male,Goa,2027-02-01,2027-02-02
763,Tourist_763,UK,35,Other,Munich,2027-02-02,2027-02-03
764,Tourist_764,Germany,23,Other,Goa,2027-02-03,2027-02-04
765,Tourist_765,India,54,Female,New York,2027-02-04,2027-02-05
766,Tourist_766,USA,65,Other,New York,2027-02-05,2027-02-06
767,Tourist_767,USA,30,Female,New York,2027-02-06,2027-02-07
768,Tourist_768,Japan,45,Male,Paris,2027-02-07,2027-02-08
769,Tourist_769,USA,22,Other,Paris,2027-02-08,2027-02-09
770,Tourist_770,UK,30,Male,Goa,2027-02-09,2027-02-10
771,Tourist_771,Germany,34,Other,New York,2027-02-10,2027-02-11
772,Tourist_772,Germany,67,Male,Paris,2027-02-11,2027-02-12
773,Tourist_773,India,57,Other,Delhi,2027-02-12,2027-02-13
774,Tourist_774,Japan,62,Male,Goa,2027-02-13,2027-02-14
775,Tourist_775,India,49,Male,Munich,2027-02-14,2027-02-15
776,Tourist_776,USA,46,Other,Tokyo,2027-02-15,2027-02-16
777,Tourist_777,India,68,Male,Goa,2027-02-16,2027-02-17
778,Tourist_778,UK,20,Male,Tokyo,2027-02-17,2027-02-18
779,Tourist_779,Germany,57,Male,New York,2027-02-18,2027-02-19
780,Tourist_780,USA,51,Other,Tokyo,2027-02-19,2027-02-20
781,Tourist_781,India,57,Other,New York,2027-02-20,2027-02-21
782,Tourist_782,Japan,44,Male,Delhi,2027-02-21,2027-02-22
783,Tourist_783,UK,30,Male,Tokyo,2027-02-22,2027-02-23
784,Tourist_784,UK,62,Other,Goa,2027-02-23,2027-02-24
785,Tourist_785,India,50,Other,New York,2027-02-24,2027-02-25
786,Tourist_786,Germany,23,Male,Goa,2027-02-25,2027-02-26
787,Tourist_787,India,41,Male,Paris,2027-02-26,2027-02-27
788,Tourist_788,USA,36,Male,New York,2027-02-27,2027-02-28
789,Tourist_789,India,33,Female,Tokyo,2027-02-28,2027-03-01
790,Tourist_790,UK,57,Other,New York,2027-03-01,2027-03-02
791,Tourist_791,India,45,Female,Goa,2027-03-02,2027-03-03
792,Tourist_792,Germany,50,Other,Delhi,2027-03-03,2027-03-04
793,Tourist_793,Japan,65,Other,New York,2027-03-04,2027-03-05
794,Tourist_794,France,58,Other,Tokyo,2027-03-05,2027-03-06
795,Tourist_795,India,30,Other,Paris,2027-03-06,2027-03-07
796,Tourist_796,Germany,60,Other,Munich,2027-03-07,2027-03-08
797,Tourist_797,Germany,62,Other,Delhi,2027-03-08,2027-03-09
798,Tourist_798,Japan,42,Other,Paris,2027-03-09,2027-03-10
799,Tourist_799,UK,59,Female,New York,2027-03-10,2027-03-11
800,Tourist_800,Germany,53,Male,Goa,2027-03-11,2027-03-12
801,Tourist_801,Germany,44,Male,Goa,2027-03-12,2027-03-13
802,Tourist_802,Germany,55,Female,Tokyo,2027-03-13,2027-03-14
803,Tourist_803,Germany,24,Female,Goa,2027-03-14,2027-03-15
804,Tourist_804,USA,22,Female,Delhi,2027-03-15,2027-03-16
805,Tourist_805,USA,60,Female,Goa,2027-03-16,2027-03-17
806,Tourist_806,UK,62,Other,Tokyo,2027-03-17,2027-03-18
807,Tourist_807,India,68,Male,Munich,2027-03-18,2027-03-19
808,Tourist_808,Germany,48,Other,New York,2027-03-19,2027-03-20
809,Tourist_809,Japan,40,Male,New York,2027-03-20,2027-03-21
810,Tourist_810,India,59,Male,Goa,2027-03-21,2027-03-22
811,Tourist_811,Japan,27,Female,Paris,2027-03-22,2027-03-23
812,Tourist_812,India,49,Other,New York,2027-03-23,2027-03-24
813,Tourist_813,UK,60,Female,Munich,2027-03-24,2027-03-25
814,Tourist_814,Germany,47,Other,Goa,2027-03-25,2027-03-26
815,Tourist_815,Germany,56,Male,Tokyo,2027-03-26,2027-03-27
816,Tourist_816,France,48,Female,Munich,2027-03-27,2027-03-28
817,Tourist_817,Japan,35,Female,Goa,2027-03-28,2027-03-29
818,Tourist_818,India,53,Male,Munich,2027-03-29,2027-03-30
819,Tourist_819,India,19,Male,New York,2027-03-30,2027-03-31
820,Tourist_820,USA,31,Male,Tokyo,2027-03-31,2027-04-01
821,Tourist_821,France,30,Female,Goa,2027-04-01,2027-04-02
822,Tourist_822,USA,46,Other,Delhi,2027-04-02,2027-04-03
823,Tourist_823,USA,29,Female,Tokyo,2027-04-03,2027-04-04
824,Tourist_824,USA,56,Other,Delhi,2027-04-04,2027-04-05
825,Tourist_825,Japan,19,Female,Munich,2027-04-05,2027-04-06
826,Tourist_826,Japan,49,Female,Paris,2027-04-06,2027-04-07
827,Tourist_827,UK,30,Male,Tokyo,2027-04-07,2027-04-08
828,Tourist_828,UK,63,Other,Munich,2027-04-08,2027-04-09
829,Tourist_829,USA,44,Female,Delhi,2027-04-09,2027-04-10
830,Tourist_830,France,66,Female,New York,2027-04-10,2027-04-11
831,Tourist_831,India,58,Male,New York,2027-04-11,2027-04-12
832,Tourist_832,Japan,34,Male,Paris,2027-04-12,2027-04-13
833,Tourist_833,France,57,Other,Tokyo,2027-04-13,2027-04-14
834,Tourist_834,Germany,48,Female,Tokyo,2027-04-14,2027-04-15
835,Tourist_835,Japan,51,Other,Tokyo,2027-04-15,2027-04-16
836,Tourist_836,Japan,41,Female,Munich,2027-04-16,2027-04-17
837,Tourist_837,UK,62,Other,Paris,2027-04-17,2027-04-18
838,Tourist_838,India,52,Male,Tokyo,2027-04-18,2027-04-19
839,Tourist_839,India,65,Female,Munich,2027-04-19,2027-04-20
840,Tourist_840,Germany,23,Other,New York,2027-04-20,2027-04-21
841,Tourist_841,Germany,36,Male,Delhi,2027-04-21,2027-04-22
842,Tourist_842,Japan,47,Male,Munich,2027-04-22,2027-04-23
843,Tourist_843,USA,24,Other,New York,2027-04-23,2027-04-24
844,Tourist_844,UK,27,Female,New York,2027-04-24,2027-04-25
845,Tourist_845,UK,58,Female,Delhi,2027-04-25,2027-04-26
846,Tourist_846,Japan,49,Male,New York,2027-04-26,2027-04-27
847,Tourist_847,France,51,Female,Paris,2027-04-27,2027-04-28
848,Tourist_848,USA,45,Female,Delhi,2027-04-28,2027-04-29
849,Tourist_849,Japan,32,Female,New York,2027-04-29,2027-04-30
850,Tourist_850,USA,47,Male,Goa,2027-04-30,2027-05-01
851,Tourist_851,USA,54,Other,Munich,2027-05-01,2027-05-02
852,Tourist_852,USA,46,Female,New York,2027-05-02,2027-05-03
853,Tourist_853,Japan,39,Male,Paris,2027-05-03,2027-05-04
854,Tourist_854,UK,21,Male,Tokyo,2027-05-04,2027-05-05
855,Tourist_855,UK,37,Other,New York,2027-05-05,2027-05-06
856,Tourist_856,USA,49,Female,Tokyo,2027-05-06,2027-05-07
857,Tourist_857,France,53,Female,Goa,2027-05-07,2027-05-08
858,Tourist_858,India,67,Other,New York,2027-05-08,2027-05-09
859,Tourist_859,Japan,21,Other,Delhi,2027-05-09,2027-05-10
860,Tourist_860,India,44,Male,Tokyo,2027-05-10,2027-05-11
861,Tourist_861,France,34,Male,Goa,2027-05-11,2027-05-12
862,Tourist_862,Japan,29,Other,Delhi,2027-05-12,2027-05-13
863,Tourist_863,USA,39,Female,Delhi,2027-05-13,2027-05-14
864,Tourist_864,UK,34,Male,Delhi,2027-05-14,2027-05-15
865,Tourist_865,India,27,Male,Delhi,2027-05-15,2027-05-16
866,Tourist_866,Germany,18,Female,New York,2027-05-16,2027-05-17
867,Tourist_867,Germany,39,Male,Munich,2027-05-17,2027-05-18
868,Tourist_868,France,43,Female,New York,2027-05-18,2027-05-19
869,Tourist_869,USA,35,Female,New York,2027-05-19,2027-05-20
870,Tourist_870,India,67,Female,Goa,2027-05-20,2027-05-21
871,Tourist_871,USA,31,Other,Goa,2027-05-21,2027-05-22
872,Tourist_872,India,64,Other,Munich,2027-05-22,2027-05-23
873,Tourist_873,France,46,Other,Goa,2027-05-23,2027-05-24
874,Tourist_874,France,29,Female,Paris,2027-05-24,2027-05-25
875,Tourist_875,Germany,53,Female,Munich,2027-05-25,2027-05-26
876,Tourist_876,USA,52,Other,Goa,2027-05-26,2027-05-27
877,Tourist_877,Japan,69,Male,Munich,2027-05-27,2027-05-28
878,Tourist_878,Germany,29,Female,New York,2027-05-28,2027-05-29
879,Tourist_879,USA,24,Male,New York,2027-05-29,2027-05-30
880,Tourist_880,Germany,46,Male,Munich,2027-05-30,2027-05-31
881,Tourist_881,Japan,28,Female,Paris,2027-05-31,2027-06-01
882,Tourist_882,UK,50,Female,Paris,2027-06-01,2027-06-02
883,Tourist_883,UK,23,Male,Munich,2027-06-02,2027-06-03
884,Tourist_884,UK,64,Male,Goa,2027-06-03,2027-06-04
885,Tourist_885,UK,32,Other,Tokyo,2027-06-04,2027-06-05
886,Tourist_886,India,49,Other,Paris,2027-06-05,2027-06-06
887,Tourist_887,UK,68,Female,Delhi,2027-06-06,2027-06-07
888,Tourist_888,Japan,28,Other,New York,2027-06-07,2027-06-08
889,Tourist_889,France,40,Other,Munich,2027-06-08,2027-06-09
890,Tourist_890,France,43,Other,Delhi,2027-06-09,2027-06-10
891,Tourist_891,India,51,Other,Munich,2027-06-10,2027-06-11
892,Tourist_892,UK,63,Male,New York,2027-06-11,2027-06-12
893,Tourist_893,UK,51,Female,New York,2027-06-12,2027-06-13
894,Tourist_894,UK,46,Other,Paris,2027-06-13,2027-06-14
895,Tourist_895,Germany,21,Male,Paris,2027-06-14,2027-06-15
896,Tourist_896,USA,34,Male,Delhi,2027-06-15,2027-06-16
897,Tourist_897,Germany,52,Male,Munich,2027-06-16,2027-06-17
898,Tourist_898,USA,30,Other,New York,2027-06-17,2027-06-18
899,Tourist_899,UK,58,Other,Delhi,2027-06-18,2027-06-19
900,Tourist_900,UK,56,Female,Tokyo,2027-06-19,2027-06-20
901,Tourist_901,Germany,32,Other,Delhi,2027-06-20,2027-06-21
902,Tourist_902,Germany,46,Other,Goa,2027-06-21,2027-06-22
903,Tourist_903,USA,46,Male,Delhi,2027-06-22,2027-06-23
904,Tourist_904,France,28,Female,Goa,2027-06-23,2027-06-24
905,Tourist_905,USA,69,Other,Goa,2027-06-24,2027-06-25
906,Tourist_906,Germany,49,Other,Goa,2027-06-25,2027-06-26
907,Tourist_907,Japan,19,Male,Tokyo,2027-06-26,2027-06-27
908,Tourist_908,Germany,64,Male,Delhi,2027-06-27,2027-06-28
909,Tourist_909,Japan,31,Other,Delhi,2027-06-28,2027-06-29
910,Tourist_910,India,37,Female,Tokyo,2027-06-29,2027-06-30
911,Tourist_911,Germany,39,Female,New York,2027-06-30,2027-07-01
912,Tourist_912,India,28,Male,Paris,2027-07-01,2027-07-02
913,Tourist_913,France,44,Male,Delhi,2027-07-02,2027-07-03
914,Tourist_914,USA,20,Other,Paris,2027-07-03,2027-07-04
915,Tourist_915,Japan,34,Male,Munich,2027-07-04,2027-07-05
916,Tourist_916,USA,61,Other,Munich,2027-07-05,2027-07-06
917,Tourist_917,India,45,Female,Tokyo,2027-07-06,2027-07-07
918,Tourist_918,Japan,46,Female,Munich,2027-07-07,2027-07-08
919,Tourist_919,USA,38,Other,Munich,2027-07-08,2027-07-09
920,Tourist_920,Germany,64,Male,New York,2027-07-09,2027-07-10
921,Tourist_921,UK,33,Female,New York,2027-07-10,2027-07-11
922,Tourist_922,India,54,Male,New York,2027-07-11,2027-07-12
923,Tourist_923,USA,37,Female,Munich,2027-07-12,2027-07-13
924,Tourist_924,India,23,Other,Tokyo,2027-07-13,2027-07-14
925,Tourist_925,India,36,Other,Goa,2027-07-14,2027-07-15
926,Tourist_926,Japan,22,Other,Goa,2027-07-15,2027-07-16
927,Tourist_927,Japan,20,Female,Paris,2027-07-16,2027-07-17
928,Tourist_928,UK,18,Male,Goa,2027-07-17,2027-07-18
929,Tourist_929,Germany,55,Male,Goa,2027-07-18,2027-07-19
930,Tourist_930,India,32,Male,New York,2027-07-19,2027-07-20
931,Tourist_931,USA,51,Female,New York,2027-07-20,2027-07-21
932,Tourist_932,France,52,Female,Munich,2027-07-21,2027-07-22
933,Tourist_933,India,66,Female,Paris,2027-07-22,2027-07-23
934,Tourist_934,India,42,Female,Delhi,2027-07-23,2027-07-24
935,Tourist_935,UK,41,Female,Paris,2027-07-24,2027-07-25
936,Tourist_936,Germany,29,Male,Paris,2027-07-25,2027-07-26
937,Tourist_937,France,35,Female,Tokyo,2027-07-26,2027-07-27
938,Tourist_938,Japan,32,Female,Munich,2027-07-27,2027-07-28
939,Tourist_939,Japan,61,Male,Tokyo,2027-07-28,2027-07-29
940,Tourist_940,USA,33,Female,Paris,2027-07-29,2027-07-30
941,Tourist_941,France,44,Male,Paris,2027-07-30,2027-07-31
942,Tourist_942,Japan,25,Male,Paris,2027-07-31,2027-08-01
943,Tourist_943,USA,63,Other,Goa,2027-08-01,2027-08-02
944,Tourist_944,Germany,42,Other,Tokyo,2027-08-02,2027-08-03
945,Tourist_945,USA,34,Other,Paris,2027-08-03,2027-08-04
946,Tourist_946,Japan,46,Other,New York,2027-08-04,2027-08-05
947,Tourist_947,UK,25,Female,Munich,2027-08-05,2027-08-06
948,Tourist_948,UK,32,Other,Munich,2027-08-06,2027-08-07
949,Tourist_949,UK,44,Male,New York,2027-08-07,2027-08-08
950,Tourist_950,Japan,63,Female,Munich,2027-08-08,2027-08-09
951,Tourist_951,UK,67,Other,Goa,2027-08-09,2027-08-10
952,Tourist_952,France,69,Male,Goa,2027-08-10,2027-08-11
953,Tourist_953,Germany,24,Female,Delhi,2027-08-11,2027-08-12
954,Tourist_954,USA,20,Female,Delhi,2027-08-12,2027-08-13
955,Tourist_955,USA,46,Other,Delhi,2027-08-13,2027-08-14
956,Tourist_956,Japan,61,Female,Munich,2027-08-14,2027-08-15
957,Tourist_957,UK,41,Male,Goa,2027-08-15,2027-08-16
958,Tourist_958,UK,20,Female,Goa,2027-08-16,2027-08-17
959,Tourist_959,India,37,Male,Goa,2027-08-17,2027-08-18
960,Tourist_960,Germany,63,Female,New York,2027-08-18,2027-08-19
961,Tourist_961,France,32,Other,Goa,2027-08-19,2027-08-20
962,Tourist_962,USA,42,Male,New York,2027-08-20,2027-08-21
963,Tourist_963,India,47,Female,Delhi,2027-08-21,2027-08-22
964,Tourist_964,India,31,Female,Delhi,2027-08-22,2027-08-23
965,Tourist_965,Japan,24,Female,Munich,2027-08-23,2027-08-24
966,Tourist_966,USA,34,Male,Delhi,2027-08-24,2027-08-25
967,Tourist_967,Japan,61,Male,Munich,2027-08-25,2027-08-26
968,Tourist_968,France,37,Male,Paris,2027-08-26,2027-08-27
969,Tourist_969,India,53,Other,Paris,2027-08-27,2027-08-28
970,Tourist_970,India,26,Other,Tokyo,2027-08-28,2027-08-29
971,Tourist_971,Germany,55,Male,Munich,2027-08-29,2027-08-30
972,Tourist_972,France,65,Female,Tokyo,2027-08-30,2027-08-31
973,Tourist_973,India,39,Other,Tokyo,2027-08-31,2027-09-01
974,Tourist_974,France,19,Male,Paris,2027-09-01,2027-09-02
975,Tourist_975,USA,41,Female,Munich,2027-09-02,2027-09-03
976,Tourist_976,UK,25,Other,Paris,2027-09-03,2027-09-04
977,Tourist_977,India,28,Female,Tokyo,2027-09-04,2027-09-05
978,Tourist_978,Germany,30,Female,Munich,2027-09-05,2027-09-06
979,Tourist_979,USA,34,Female,Tokyo,2027-09-06,2027-09-07
980,Tourist_980,France,25,Female,Goa,2027-09-07,2027-09-08
981,Tourist_981,Japan,38,Other,Munich,2027-09-08,2027-09-09
982,Tourist_982,USA,35,Other,Munich,2027-09-09,2027-09-10
983,Tourist_983,India,47,Other,Tokyo,2027-09-10,2027-09-11
984,Tourist_984,France,35,Male,Goa,2027-09-11,2027-09-12
985,Tourist_985,UK,63,Other,New York,2027-09-12,2027-09-13
986,Tourist_986,USA,64,Female,Paris,2027-09-13,2027-09-14
987,Tourist_987,India,48,Other,Tokyo,2027-09-14,2027-09-15
988,Tourist_988,Germany,55,Female,Munich,2027-09-15,2027-09-16
989,Tourist_989,Japan,49,Male,Paris,2027-09-16,2027-09-17
990,Tourist_990,France,28,Female,Paris,2027-09-17,2027-09-18
991,Tourist_991,USA,62,Female,Paris,2027-09-18,2027-09-19
992,Tourist_992,USA,42,Female,New York,2027-09-19,2027-09-20
993,Tourist_993,UK,50,Male,Delhi,2027-09-20,2027-09-21
994,Tourist_994,UK,55,Other,Tokyo,2027-09-21,2027-09-22
995,Tourist_995,Germany,58,Other,Delhi,2027-09-22,2027-09-23
996,Tourist_996,Japan,25,Male,Delhi,2027-09-23,2027-09-24
997,Tourist_997,Germany,28,Female,Delhi,2027-09-24,2027-09-25
998,Tourist_998,India,39,Other,Paris,2027-09-25,2027-09-26
999,Tourist_999,India,68,Male,Goa,2027-09-26,2027-09-27
1000,Tourist_1000,Germany,41,Other,Paris,2027-09-27,2027-09-28
