Tourist_ID,Name,Age,Gender,Country,Passport_No,Itinerary_Start,Itinerary_End,Planned_Destination,Emergency_Contact
T0001,Mrs. Susan Roberts,33,Male,Libyan Arab Jamahiriya,ID614124,2025-09-06,2025-09-09,Aprilview,(838)686-1613x23543
T0002,Sarah Meyers,38,Male,Mozambique,xb436678,2025-08-29,2025-09-12,Port Hollychester,+1-234-633-4837x8198
T0003,Bethany Hill,53,Female,China,Hu602027,2025-09-02,2025-09-14,Hamiltonmouth,(307)220-0116x0069
T0004,Larry Hoffman,32,Male,Portugal,Fe272874,2025-08-30,2025-09-11,North Charlesfurt,001-570-229-6039x65152
T0005,Richard Leonard,25,Male,Reunion,lU316732,2025-09-06,2025-09-12,South Anthony,529.779.0992x86574
T0006,Sylvia Vincent,58,Male,Falkland Islands (Malvinas),Ki108520,2025-08-30,2025-09-06,Johnport,680.310.6176
T0007,Sarah Perry,45,Male,Christmas Island,Xd319257,2025-09-06,2025-09-10,Andrewhaven,+1-997-930-7407
T0008,Mr. Eric Shah,45,Female,Luxembourg,XA078140,2025-09-05,2025-09-14,Port Dennisburgh,001-637-265-2034x87143
T0009,Ryan Duncan,62,Other,Central African Republic,in913187,2025-08-29,2025-09-07,Nathanielmouth,537-731-5529x6537
T0010,Kimberly Jenkins,61,Male,French Guiana,ae338659,2025-09-06,2025-09-13,Port Amyside,(604)644-5490x1011
T0011,Gregory Riley,21,Female,Ireland,py848384,2025-09-05,2025-09-13,East Brandonstad,(657)388-2817x096
T0012,John Webb,23,Female,Pakistan,OP102183,2025-09-02,2025-09-08,Barbarastad,+1-345-968-7015x31719
T0013,Chad Dominguez,27,Male,China,Sq693083,2025-08-28,2025-09-04,Rodriguezview,914-983-0312x937
T0014,Maurice Cooke,65,Female,Isle of Man,GN925388,2025-08-29,2025-09-05,Brownchester,535-734-5688x3916
T0015,Jennifer Rice,51,Female,Norway,mk409233,2025-09-05,2025-09-13,Rebeccatown,+1-224-949-0213x94073
T0016,Shane Barron,66,Female,Thailand,tS970313,2025-08-31,2025-09-04,Rickytown,(678)915-2644x79991
T0017,Debbie Everett,51,Female,Romania,QL263766,2025-09-04,2025-09-19,Ryantown,+1-412-226-9525x45089
T0018,Sarah Padilla,53,Other,Nigeria,Pv664088,2025-09-04,2025-09-09,South Lucas,+1-427-231-4536x811
T0019,Jason Jacobson,35,Other,Cameroon,QB065893,2025-09-01,2025-09-16,New Cindy,354.524.2062
T0020,Emily Hernandez,18,Male,Azerbaijan,Yr075357,2025-08-31,2025-09-06,East Stephanieland,(956)603-3978
T0021,Shawn Bishop,44,Female,Guatemala,ZZ177891,2025-09-03,2025-09-17,Davischester,4833178228
T0022,Austin Harris,23,Female,Nepal,tR445362,2025-08-29,2025-09-04,East Scottstad,274-473-3130x48056
T0023,Abigail Gentry,67,Other,United States of America,ge519482,2025-08-30,2025-09-09,Lake Michelleshire,+1-745-822-9230
T0024,Rachel Edwards,65,Female,Bhutan,wp859300,2025-08-28,2025-09-10,Tonyaberg,+1-684-380-4361x279
T0025,Sandra Rivas,69,Female,Portugal,We612903,2025-08-29,2025-09-02,Mackenzieborough,001-656-495-7854x21955
T0026,Kerri Taylor,68,Female,France,QO690227,2025-08-28,2025-09-07,Williamsstad,573-642-1739x52834
T0027,Carl Carter,63,Male,Hong Kong,cP171135,2025-08-29,2025-09-01,Port Codyland,923.549.6946
T0028,Brittany Johnson,33,Male,Liechtenstein,OK711913,2025-09-06,2025-09-14,Mcdonaldland,(677)406-0684x97144
T0029,Lauren Roberts,48,Male,Philippines,iv505584,2025-08-30,2025-09-06,North Sarah,+1-355-866-9798x70981
T0030,Janet Monroe,22,Male,Bhutan,Bh958916,2025-08-30,2025-09-03,Manuelstad,001-265-974-6891x9565
T0031,Lisa Robles,22,Female,Uganda,Je783932,2025-08-31,2025-09-13,Angelachester,+1-921-280-5599
T0032,Jeff Torres,50,Female,Israel,qh221669,2025-08-28,2025-09-02,Lucasbury,(380)630-0056
T0033,Randall Richmond,55,Other,Guernsey,ej979074,2025-08-28,2025-09-01,New Michael,(625)932-6227x16734
T0034,Amy May,63,Female,Congo,pb870225,2025-09-06,2025-09-19,Charlesfurt,509-589-8763x64770
T0035,Stephanie Robinson,58,Female,Cape Verde,IH464799,2025-09-03,2025-09-15,East Johntown,627.604.7196
T0036,Martin Sanchez,52,Male,Libyan Arab Jamahiriya,XV145807,2025-08-30,2025-09-05,Lake Brittany,900-504-0863x442
T0037,Haley Brown,51,Female,Guadeloupe,wi044958,2025-09-04,2025-09-18,Hardyton,705.512.8812x01728
T0038,Aaron Davis,20,Other,Slovenia,fg320798,2025-08-28,2025-09-08,Sarahton,570-329-9476
T0039,Brooke White,31,Male,Azerbaijan,bG752212,2025-09-03,2025-09-18,Johnsonton,414.471.0100
T0040,Jesse Arellano,29,Other,Bhutan,wg681987,2025-08-29,2025-09-04,North Robert,001-954-630-2974x6008
T0041,Francisco Reyes,31,Other,Uruguay,SS390907,2025-09-05,2025-09-16,Velasquezburgh,210-355-6652
T0042,William Sanchez,36,Male,Cayman Islands,EI910243,2025-09-06,2025-09-18,Carrollfort,001-583-610-6660x2450
T0043,Katie Barron,37,Other,Saint Vincent and the Grenadines,II171287,2025-09-02,2025-09-15,Lake Joshuamouth,+1-256-724-3862x40812
T0044,Lisa Sullivan,32,Female,Equatorial Guinea,Hg043483,2025-09-06,2025-09-13,Warnerside,3824132872
T0045,Marcus Harris,49,Female,Trinidad and Tobago,mX827786,2025-08-28,2025-09-05,Lisatown,710.428.3997x0883
T0046,Melanie Khan,48,Male,Swaziland,au998260,2025-09-01,2025-09-13,Mcbrideburgh,3434216478
T0047,Melody Brown,23,Female,Djibouti,Tm563933,2025-08-31,2025-09-15,Timothyburgh,767.815.3608x19536
T0048,James Cox,44,Female,Romania,ow454911,2025-09-06,2025-09-20,South Jenniferburgh,3276800496
T0049,Victoria Herrera,30,Other,Honduras,mR486518,2025-09-03,2025-09-11,Williamstad,+1-460-371-5290x338
T0050,Claudia Chambers,59,Male,Trinidad and Tobago,fx987398,2025-09-01,2025-09-11,South Annbury,216-294-1162x00361
T0051,Betty Vazquez,34,Other,Malaysia,Ml341893,2025-09-02,2025-09-07,South Lisa,270-206-4557x5723
T0052,Teresa Woodard,62,Other,Netherlands Antilles,QH906852,2025-08-30,2025-09-06,Sawyerville,(564)854-8189x0265
T0053,Andrew Paul,49,Male,Turks and Caicos Islands,QU881829,2025-08-30,2025-09-14,Petersland,767-950-2044x746
T0054,Taylor Smith,62,Other,Belize,Ov654412,2025-09-04,2025-09-17,Jamestown,965-764-7275x2983
T0055,Michael Bowers,62,Female,Dominica,nK735274,2025-08-30,2025-09-07,Robertsville,561-885-3750x84724
T0056,Emily Choi,37,Other,Belgium,fL157111,2025-09-05,2025-09-17,North Eric,317-922-3594x84944
T0057,Denise Jimenez,39,Other,Sierra Leone,ju814564,2025-09-06,2025-09-15,Janetberg,741-554-9933x9979
T0058,Billy Garrett,62,Other,Sao Tome and Principe,um526534,2025-09-01,2025-09-10,Gibsonmouth,+1-607-960-5379x7036
T0059,Melissa Price,69,Female,Somalia,tO794983,2025-08-31,2025-09-03,North Ronald,542.405.7440x815
T0060,David Huffman,31,Other,Switzerland,ev168176,2025-09-01,2025-09-05,Santosmouth,542.290.7455
T0061,Charles Byrd,56,Female,French Polynesia,mI442283,2025-08-28,2025-09-05,Curtisfurt,820-620-7501
T0062,Justin Burns,35,Male,Timor-Leste,Lj949854,2025-09-04,2025-09-10,North Jeffreyland,(920)479-2544x121
T0063,Patrick Lewis,48,Male,Puerto Rico,aU133014,2025-08-31,2025-09-12,Lake Micheleview,8353100400
T0064,Mark Jackson,69,Male,Comoros,gF794611,2025-09-05,2025-09-15,Robertburgh,256-825-1804
T0065,John Smith,28,Other,Georgia,mx274371,2025-08-28,2025-09-03,North Patrick,422-974-2948x5706
T0066,Meredith Grant,21,Male,Cuba,fB768216,2025-08-31,2025-09-12,West Marciaberg,(541)337-7204x92282
T0067,Bryan Hall,31,Female,Jamaica,lv597218,2025-09-01,2025-09-09,Port Christopherport,(574)213-7710
T0068,Michael Long,39,Other,Reunion,SQ273299,2025-08-31,2025-09-13,West Vanessachester,7344529837
T0069,Justin Martin,18,Other,Suriname,LB549321,2025-09-06,2025-09-12,Garciaton,001-392-517-1110x073
T0070,Devon Ross,29,Female,Mexico,gW218853,2025-09-04,2025-09-11,Vasquezport,+1-593-427-0022
T0071,Charles Gregory,67,Male,Slovakia (Slovak Republic),cD067510,2025-08-29,2025-09-13,Port Michaelland,001-218-475-0024
T0072,Abigail Thomas,23,Female,Syrian Arab Republic,FV561568,2025-09-03,2025-09-15,Gonzalezhaven,521.778.1570
T0073,Chad Guerrero,65,Other,Finland,nj734513,2025-08-29,2025-09-06,Francisville,389.833.9118
T0074,Jeff Williams,64,Female,Montserrat,kO883793,2025-09-06,2025-09-14,Davidstad,001-477-648-5662x5589
T0075,Shannon Harrison,59,Other,Germany,ij473670,2025-08-30,2025-09-12,Charlestown,(612)804-1304
T0076,Andrew Brown,64,Female,Guyana,FC631438,2025-08-29,2025-09-05,Kimburgh,747-403-8968x9976
T0077,Laura Benjamin,22,Female,Bahrain,mM525665,2025-09-03,2025-09-11,West Paulview,676-699-4674x97206
T0078,Angela Lane,65,Male,French Polynesia,Nx766504,2025-09-01,2025-09-07,North Cynthiachester,(607)883-9165x8031
T0079,Christopher Pittman,28,Other,Saint Helena,Qh098708,2025-09-02,2025-09-08,Lake Edwardborough,001-780-497-3011x8654
T0080,Evan Nelson,65,Male,Moldova,vS735340,2025-09-01,2025-09-04,North Michael,7355521196
T0081,Joseph Luna,58,Female,Armenia,od592192,2025-09-03,2025-09-08,Millsstad,697.676.5939x5043
T0082,Dawn Perkins,29,Other,Slovakia (Slovak Republic),zC853893,2025-08-29,2025-09-12,Boothberg,990.702.6567
T0083,Crystal Anderson,30,Male,Falkland Islands (Malvinas),Rg842472,2025-08-30,2025-09-09,Cooperville,+1-986-673-2219x20883
T0084,Michael Stokes,18,Male,Burkina Faso,TY978151,2025-09-02,2025-09-09,Lake Markhaven,480-990-2387x30991
T0085,Kevin Perry,36,Female,Poland,pc986219,2025-08-29,2025-09-07,Lake Anthonymouth,(357)255-0500
T0086,Christopher Dixon,21,Other,Puerto Rico,jQ050205,2025-09-02,2025-09-17,West Benjaminmouth,224.296.5402
T0087,Heather Welch,31,Male,Guernsey,EJ417865,2025-08-30,2025-09-13,New Luke,742.998.1158x3169
T0088,Shelby Espinoza,53,Male,Yemen,ms942122,2025-09-04,2025-09-10,Port Matthewfort,(216)895-5909
T0089,Joseph Duncan,27,Female,Namibia,Ek496932,2025-09-04,2025-09-13,South Jacqueline,3837457879
T0090,Terry Schultz,64,Female,Norway,Dj721355,2025-08-29,2025-09-10,South Jordan,(839)654-8256x98555
T0091,Tiffany Clark,37,Male,Switzerland,iT088830,2025-09-02,2025-09-09,Lake Coltonland,(746)680-7914x628
T0092,Danielle Ferguson,69,Female,Cote d'Ivoire,jY562141,2025-08-30,2025-09-13,Lake Michelemouth,+1-928-818-1962x21693
T0093,Sara Ryan,40,Male,Azerbaijan,Lq606364,2025-09-04,2025-09-16,Nelsonview,(541)610-1833x282
T0094,Brittany Patel,66,Other,Benin,bO593288,2025-09-06,2025-09-09,Michellefort,4683891543
T0095,Kayla Allen DDS,25,Other,Antarctica (the territory South of 60 deg S),JU692683,2025-09-02,2025-09-13,Flowersfurt,828-879-7862x188
T0096,Jennifer Sullivan,41,Female,New Caledonia,di362517,2025-09-05,2025-09-11,South Robert,001-735-243-3811
T0097,Jennifer Parks,42,Other,Jamaica,Pl982227,2025-09-05,2025-09-17,Hollyborough,217-335-1345x7906
T0098,Katrina Johnson,44,Female,Sweden,Oa573356,2025-08-29,2025-09-07,Garciastad,721-450-8467
T0099,Jeffrey Cox,39,Other,Estonia,vy315369,2025-09-06,2025-09-12,South Lawrence,460.278.7346x51502
T0100,Timothy Waters,24,Other,Tonga,Gh909063,2025-09-02,2025-09-13,South Sandra,353-521-9502x50608
T0101,Gregory Hart,28,Other,Netherlands,bk782422,2025-08-30,2025-09-11,New Michael,428-915-2995
T0102,Maria Barnes,29,Male,Finland,ud592534,2025-08-31,2025-09-14,West Jason,001-326-281-8884x342
T0103,Victoria Yang,48,Other,Northern Mariana Islands,MP061993,2025-09-02,2025-09-11,New Adriennebury,457-966-1485x6232
T0104,Brett Hunter,60,Male,Guyana,kz599393,2025-09-01,2025-09-11,Thomaschester,001-588-434-7228x874
T0105,Nicholas Harper,65,Male,Korea,Rc248478,2025-09-06,2025-09-15,Griffinshire,694.429.1480x9628
T0106,Kathy Peterson,56,Male,Guatemala,qR908173,2025-09-02,2025-09-05,Karentown,750.979.1955
T0107,Donna Hunter,69,Male,Palau,wr316037,2025-08-29,2025-09-09,North Sarahburgh,5402991616
T0108,Pamela Thompson,63,Other,Sierra Leone,DK170541,2025-09-01,2025-09-10,Leahland,001-884-985-1496x678
T0109,Kevin Dickerson,38,Female,Mauritius,nI351480,2025-09-05,2025-09-12,Jeremiahchester,+1-689-871-6000x3999
T0110,Katelyn Martin,67,Other,Tonga,Ad953142,2025-08-28,2025-09-04,North Andrewfurt,(971)523-5333x91003
T0111,Victoria Stewart,50,Other,Malta,PZ105082,2025-09-03,2025-09-08,North David,3348573692
T0112,Emily Chapman,36,Female,Reunion,PB825086,2025-09-02,2025-09-09,Marissaview,(668)647-0114x007
T0113,William Avila,64,Other,Nicaragua,zL980261,2025-08-31,2025-09-06,Martinezside,+1-963-947-0556x307
T0114,Ray Santos,19,Male,Antarctica (the territory South of 60 deg S),gG343334,2025-08-29,2025-09-08,East Kennethchester,+1-754-756-8748
T0115,Elizabeth Scott,60,Male,United States Minor Outlying Islands,Oo924472,2025-08-29,2025-09-07,West Angela,924.296.5944x6286
T0116,Pamela Villa,48,Male,Botswana,Lg364861,2025-09-02,2025-09-05,East Erica,+1-553-722-4870
T0117,Jason Wilson,47,Other,Gibraltar,ZC341689,2025-09-06,2025-09-21,North Kevin,(307)218-8750x8052
T0118,Christy Contreras,43,Female,Paraguay,QP226758,2025-09-01,2025-09-13,Port David,330-454-7607x1984
T0119,Michael Smith,47,Female,Sudan,gP422731,2025-09-01,2025-09-14,Donaldland,(672)270-8482x0795
T0120,John Young,58,Female,Germany,tR956585,2025-09-04,2025-09-12,Port Austinberg,886.741.6876x7085
T0121,Barbara Price,56,Male,Uganda,OK370199,2025-08-31,2025-09-11,Riosside,(693)514-3652
T0122,Oscar Wong,60,Other,Indonesia,Ox989562,2025-08-31,2025-09-12,Lake Carolyn,+1-562-674-0770x7074
T0123,Kimberly Reed,28,Male,Montserrat,Ig176556,2025-09-04,2025-09-18,Lake Vanessaborough,7262190983
T0124,Wendy English,30,Female,Guam,fO675684,2025-09-06,2025-09-14,East Mark,885-284-8153x80811
T0125,Gina Acosta,33,Male,Saint Martin,Qj043008,2025-09-03,2025-09-06,Amandaland,554-635-1190x03556
T0126,Steven Chase,70,Male,Ukraine,nc789967,2025-08-30,2025-09-07,South Calvin,(949)334-5425x127
T0127,Larry Ortega,45,Male,Iran,dW935824,2025-09-06,2025-09-14,Lake Margaretstad,001-895-683-0117x02432
T0128,Michelle West,58,Female,Guam,OH415278,2025-08-29,2025-09-01,East Mary,8887721035
T0129,Linda Rose,50,Female,United States of America,Ya497377,2025-08-29,2025-09-13,Fisherview,+1-719-463-4868x638
T0130,James Cooper,65,Female,Kiribati,bX896621,2025-09-01,2025-09-11,Franklinton,696-534-9533
T0131,Terry Johnson,69,Female,Holy See (Vatican City State),qy664570,2025-09-06,2025-09-17,Fosterland,5129462877
T0132,Tami Garcia,39,Female,Zimbabwe,GL338864,2025-09-02,2025-09-06,Andrewton,564.865.1601x3068
T0133,Stanley Jackson,63,Other,Belarus,dr534496,2025-09-02,2025-09-12,Lake Danielle,630.822.6697x8047
T0134,Travis Scott,49,Male,Netherlands Antilles,me758783,2025-09-04,2025-09-17,East Kathleen,917-975-4083x74726
T0135,Ashley Roman,58,Male,Taiwan,zJ561673,2025-08-29,2025-09-13,North James,277.813.6766x91038
T0136,Alison Martinez,50,Female,Philippines,LT573703,2025-09-01,2025-09-09,North Brendashire,001-290-246-0174
T0137,James Gomez,34,Male,Lao People's Democratic Republic,fQ409511,2025-09-06,2025-09-21,North Whitneyberg,001-665-258-0561x703
T0138,Lauren Melton,45,Female,Chile,hg771768,2025-09-01,2025-09-13,Port Jamesland,(382)659-6420x8193
T0139,Michael Hines,32,Female,Guinea,WQ344807,2025-09-06,2025-09-17,Ballardtown,+1-736-676-5213
T0140,Yolanda Ward,32,Other,Venezuela,tP179269,2025-08-29,2025-09-06,Jasonside,001-241-472-3714x65534
T0141,Joshua Sellers,47,Male,Tokelau,Cc088180,2025-09-04,2025-09-18,New Jeffreyshire,(920)353-0537
T0142,Jeffrey Kelly,33,Other,China,ak014375,2025-09-04,2025-09-16,Shawfurt,722-451-8765
T0143,Krystal Gonzalez,24,Female,Israel,Hq186585,2025-09-05,2025-09-18,Smithchester,7028606880
T0144,Susan Smith,64,Other,Moldova,zs972061,2025-09-03,2025-09-11,West Scotttown,7359057762
T0145,Ryan Carter,67,Other,Norfolk Island,mx021757,2025-08-31,2025-09-15,North Ashley,(263)866-7524x2426
T0146,Lisa Lee,45,Female,Congo,Pt791467,2025-09-06,2025-09-20,Lake Joshuaside,932-205-5891x14787
T0147,Christine Walsh,25,Male,United States Virgin Islands,xu804230,2025-09-06,2025-09-12,South Jenniferside,(206)536-5855
T0148,Leslie Wilkins,60,Female,South Georgia and the South Sandwich Islands,zb355184,2025-08-29,2025-09-09,Thomasborough,894-975-1252x39437
T0149,Brooke Cooper,56,Female,Gibraltar,qx678158,2025-09-01,2025-09-14,Robertbury,940.974.7501x024
T0150,Shelly Fernandez,63,Female,Belize,fi567389,2025-08-30,2025-09-08,New Davidmouth,(865)638-5496
T0151,Justin Walsh,65,Female,Saint Vincent and the Grenadines,KF703861,2025-09-01,2025-09-11,Danaville,(979)307-4491x8048
T0152,Victoria Case,53,Other,Sierra Leone,RI883034,2025-09-05,2025-09-08,South Annside,001-424-240-6292x4799
T0153,Amy Williams,38,Female,Cyprus,aG406960,2025-09-05,2025-09-14,Thompsonbury,+1-363-945-0100x94942
T0154,Heather Roth,54,Female,Cyprus,HJ194339,2025-09-06,2025-09-21,Weberview,001-457-519-8454x3796
T0155,Samuel Morris,32,Female,Aruba,BL349574,2025-08-31,2025-09-06,West Raymondshire,+1-883-635-7529x0906
T0156,Megan Schwartz,60,Female,Dominica,oM222131,2025-09-06,2025-09-19,South Amy,804-263-7618
T0157,Summer Brown,38,Male,Guinea,pr991585,2025-08-28,2025-09-05,North Sandra,767-606-8369x340
T0158,Cynthia Green,29,Female,Cayman Islands,gY194148,2025-08-30,2025-09-06,Port Brandon,637-399-6862
T0159,Douglas Parks,19,Male,Colombia,wg979260,2025-09-04,2025-09-18,West Davidfurt,261-334-9991x70651
T0160,Jessica Hayes,39,Male,Aruba,Ss689006,2025-08-28,2025-09-11,Penahaven,001-788-265-3063x76803
T0161,Taylor Parker,33,Other,Montserrat,rU494310,2025-08-30,2025-09-04,North Isaiah,+1-518-326-4551x26175
T0162,Ronald Morrison,31,Female,Canada,Hq980023,2025-09-02,2025-09-05,New Crystal,(613)447-6868
T0163,Allison Haynes,61,Other,Barbados,Ui154287,2025-09-03,2025-09-08,Fowlerport,5936363907
T0164,Alyssa Carlson,36,Other,Austria,rp214856,2025-09-04,2025-09-15,Websterhaven,001-330-760-3538x8556
T0165,Willie Prince,26,Female,Honduras,GX660170,2025-09-02,2025-09-15,New Cindyburgh,6552356794
T0166,Daniel Villegas MD,25,Male,Pakistan,GB587675,2025-08-31,2025-09-15,Rogerchester,989-506-5656x795
T0167,Lori Cline,61,Male,Czech Republic,Mz722457,2025-09-03,2025-09-11,North Oscar,+1-576-946-9853x0679
T0168,Katherine Jacobs,57,Male,Timor-Leste,Vt025637,2025-09-02,2025-09-17,Port Richardchester,+1-602-938-7619x371
T0169,April Page,52,Female,Canada,xz905062,2025-08-29,2025-09-12,Port Shariview,925-737-5564x782
T0170,Andrew Clarke,19,Female,Lebanon,NO568051,2025-09-04,2025-09-12,Armstrongville,001-992-607-2804x0278
T0171,Maria Hunt,31,Other,Netherlands,Wz552917,2025-09-04,2025-09-17,Drewstad,001-732-941-4592x424
T0172,Felicia Clarke,30,Male,Spain,bx314224,2025-09-01,2025-09-13,North Paulfort,320.787.4498x881
T0173,Christopher Myers,19,Male,Netherlands Antilles,Na891645,2025-09-06,2025-09-14,Deniseton,(810)446-7088x329
T0174,Donald Bennett,45,Male,Philippines,Nn816669,2025-08-30,2025-09-04,Jonathanside,(807)766-5627
T0175,Heidi Stafford,40,Female,Venezuela,vW764650,2025-09-01,2025-09-13,South Elizabeth,001-880-788-8292x073
T0176,Tammy Silva,70,Other,Vietnam,XW701627,2025-09-04,2025-09-10,Port Samanthaborough,+1-460-364-0543
T0177,Jesse Lewis,39,Female,Guam,wL703906,2025-09-01,2025-09-04,Levyfurt,(804)428-7542
T0178,Samantha Wright,56,Female,Malawi,PR267127,2025-08-31,2025-09-07,Bettyhaven,9049083281
T0179,James Velasquez,57,Male,Falkland Islands (Malvinas),fO854478,2025-09-04,2025-09-09,New Cesarland,505-743-8771
T0180,Donna Welch,39,Other,Comoros,jQ313712,2025-08-30,2025-09-06,Seanborough,+1-704-818-1163x56271
T0181,Nicole Pearson,57,Female,Armenia,Od170520,2025-08-29,2025-09-13,Jamesview,+1-212-789-0829x987
T0182,Alison Holloway,67,Female,Liberia,TQ846029,2025-08-30,2025-09-10,South Kristystad,+1-832-617-1921x527
T0183,Mia Jones,67,Other,Heard Island and McDonald Islands,Qh412375,2025-08-29,2025-09-03,Carsonstad,+1-459-570-5351
T0184,Kristen Morrison,55,Female,Honduras,rF603167,2025-08-29,2025-09-11,Lake Stephanie,809-785-5688
T0185,Karen Berger,23,Female,Heard Island and McDonald Islands,tt265374,2025-09-02,2025-09-15,Brookshaven,(387)928-4550
T0186,Colleen West,35,Female,Yemen,UR695291,2025-08-31,2025-09-06,Potterstad,(823)258-6940x94716
T0187,James Barnes MD,60,Other,Kyrgyz Republic,dv002229,2025-09-06,2025-09-11,West Helen,2926768880
T0188,Janet Dunlap,52,Female,Tanzania,xz837255,2025-08-31,2025-09-03,Herrerafurt,+1-264-795-3719x93149
T0189,Nina Wilson,41,Male,Turkmenistan,Bx929792,2025-09-06,2025-09-20,Schmidtchester,(628)636-0614
T0190,Emily Ibarra,28,Female,United States of America,eU663520,2025-08-28,2025-09-09,Kelleyfort,(203)219-5665x8395
T0191,Darryl Ferguson,53,Other,Niue,cl940637,2025-09-05,2025-09-16,Pearsonbury,+1-989-415-2737x860
T0192,Lauren Alvarez,50,Female,Pitcairn Islands,Yz826359,2025-08-29,2025-09-10,East Kimberlyborough,(241)448-0708
T0193,Ricky Campbell,49,Male,Palau,Do545111,2025-08-29,2025-09-09,South Alan,673-311-6343
T0194,Jaime Lopez,62,Female,Philippines,fY004641,2025-08-30,2025-09-06,Lake Andrea,001-687-806-7306x681
T0195,Julia Lane,37,Male,Reunion,Fa613433,2025-08-28,2025-09-04,Diazstad,891-973-5955x13431
T0196,Teresa Young,28,Male,Chile,Zu790075,2025-09-06,2025-09-10,Lawsonville,(285)753-9105x340
T0197,Autumn Johnson,22,Other,Eritrea,zg903852,2025-08-29,2025-09-02,Port Jeremyville,(208)816-0169x09851
T0198,Eric Mitchell DDS,49,Other,Poland,FL349449,2025-09-04,2025-09-09,West Joshuamouth,304-355-5903x145
T0199,Amber Yoder,44,Female,Azerbaijan,lo973590,2025-09-04,2025-09-09,New John,+1-894-656-9852
T0200,Mrs. Amy Moore,46,Male,Finland,BS146240,2025-09-03,2025-09-11,Hansonberg,001-879-494-0538x9700
